,ID,comments
0,비정상인,2000년생 이상 급식은 장범준90년대생이하는 성시경 나올듯
1,래드키,비정상인 반대임ㅋㅋㅋㅋㅋㅋㅋㅋㅋㅋ00년생은 성시경 80년생은 장범준인 분위기였음ㅋㅋㅋㅋㅋㅋㅋㅋ
2,BEST 래드키,비정상인 성시경 전성기를 모르니까 풍문으로 들은 애들이 더 고평가엠팍은 나이대가 높아서 직접 봤기 때문에 더 냉정하게 평가하는 경향이 있는 듯 엠팍은 장범준이 이기고펨코는 성시경이 이김
3,델카이저,래드키 이말이맞음 성시경이 00년대 goat 은 아니자너
4,원베일리,"델카이저 근데 장범준이 20년대 goat도 아니잖아 ;가창력은 성시경이 우위고,히트곡은 장범준이 우위고..근데 또 20년간 술담배 다 하면서 길게 활동하는거보면 성시경이 더 나은 가수같지만,그 많은 임팩트있는 곡을 썼다는걸 생각하면 또 장범준.."
5,클라우드22,래드키 니가 맞음.  성시경은 고트급인 발라더들은 거론할 것도 없고 김종국도 못이김.
6,비비디디,래드키 나이대 좀 있는 사람들한테 성시경은 음악성이나 가창력보다는 여자들한테 유독 인기 많은 가수 정도로 기억될 가능성이 있지솔직히 그 시절에 날고긴다하는 발라더들 시경이 형말고도 수두룩 빽빽이라ㅋㅋㅋㅋㅋ그리고 오히려 장범준이 약간 독보적인 부분이 있어서 나름 고평가 가능함
7,니나니노,래드키 막말로 성시경 대표곡 뭐냐고 물어보면 모르는 애들이 태반일 듯. 89년생 내 기준으로도 장범준이 앞선다고 봄
8,카스토르,"래드키 진짜 본문 짤방에서 언급했듯이 이승철 vs 임창정이랑 비슷함.. 이승철, 성시경 쪽이 뭔가 아티스트, 대가 이미지가 있는데 정작 작사 작곡은 임창정, 장범준이 더 많고 차트 순위 같은 기록도 더 좋음.. 이승철 전성기 때 경험한 사람은 냉정하게 평가하는데 그냥 풍문으로 들은 사람이 이승철을 엄청난 대가인 줄 아는 것도 비슷.."
9,탐색기,래드키 성시경 이전에 발라드 가수 계보가 있음성시경은 거기에 끼는 사람인거고장범준은 포크와 싱어송라이터 부문에서 독보적임가창력 자체는 성시경이 앞서지만벚꽃엔딩과 여수밤바다 두 곡만으로도 엥간한 가수들 이길 수 있음
10,Kaka#22.,비정상인 성시경이 요즘 유투브로 잘나가서 근데 이건 비교할거리도 안될정도로 성시경 압승일텐데 애초에 성시경은 정규 앨범만 8개임
11,BEST 에펨트리,비정상인 전성기를 모르니깐 대충 들은 이야기 + 예능등에서 본 이미지로 가수를 평가함전성기로보면 당시에도 동시대 발라드 가수한테도 밀리던게 성시경이었는데
12,[Felix],가수로보면 당연히 성시경이지 않나 ㅋㅋ 체급차이 많이나는거 같은데..   틀이라 그런가?   근데 생각해보면 엄청 터진 역대급 노래는 없는거 같기도하고?
13,강팀안티팬,[Felix] 보컬실력으로만보면 압도적으로 성시경인데 가수로보면 장범준
14,BEST 라울과알레,솔직히 아까 성시경이 많아서 놀랬음장범준이 그렇게 저평가될 가수는 아닌데 ㅋㅋㅋ
15,에펨트리,라울과알레 성시경이 한국 발라드 GOAT이라는 애들도 많던데 ㅋㅋㅋㅋ
16,눈군,크래프톤가자잇 나도 30중반인데 아까 댓글에 변진섭 이문세까지 나와서 진짜 깜짝 놀람 ㅋㅋㅋ 성시경 세대면 신승훈 테이프 뒤집어 듣는 세대 다음 세대인데.. 심지어 변진섭은 청바지가 잘어울리는 여자 이 부분 빼고 아는 사람도 별로 없을텐데
17,인천방개,라울과알레 성시경 많은건 둘째치고 장범준이랑 비교하는거 자체가 말이 안된다는 사람들 많았던게 의외였음
18,[전문가],라울과알레 노래실력을 대결하는거? 아니면 히트곡 누가 많냐의 대결? 기준이 뭐냐? 성시경이랑 장범준 붙여놓고 투기장 여는게 이상하네
19,9.3.0521,[전문가] 노래실력도 히트곡 숫자도 성시경이 위인데제일 히트한 곡이 장범준이 위인거지
20,케논,9.3.0521 히트곡수는 장범준이 훨씬더많음.의외로 가요계 황금기시절에 성시경 차트 1등 별로못해봄
21,호나나나나나,라울과알레 장범준 저평가가 아니라 성시경을 이긴다 하니까 어이가 없지
22,C3PO,에펨자료받으러 희재는 아님. 거리에서겠지. 희재는 나왔을때 묻혔다가 롱런하면서 뜬거임
23,MP5,에펨자료받으러 거리에서도 제법 떴지만 벚꽃엔딩에는 못 비빔
24,티아고메시,델카이저 거리에서 희재 너의모든순간 내가너의곁에잠시살았다는걸 내게오는길 넌감동이었어 두사람 좋을텐데 차마 안녕 나의 사랑 너는나의봄이다 그대네요등등 아직까지도 회자되는 노래가 많은데젤 인기 있었던 곡만 따지는 건 이유를 모르겠넹
25,주크박스,가고시마 성시경이 리메이크 하긴 함
26,퍼틸레인,성시경 거리에서 말고는 잘 모르겠음
27,BEST 무협초보,성시경 마지막 앨범 히트곡이 언제냐? 작년에 앨범 새로 냈다가 그냥 소리소문없이 묻혔고 롱런한다는것도 예전 노래빨에 연예인으로 롱런하는거지 가수로 롱런하는게 아닌데장범준 당장 앨범낸다면 일단 무조건 실시간 최상위는 다 들어갈걸?가수로 보면 고점으로 상대도 안되고 롱런으로도 엄청 차이나는것도 아님 장범준은 현재 진행형이니까
28,무협초보,티아고메시 아니 글을 못읽냐 성시경은 예전에 그 전성기가 끝났다는거고 장범준은 지속중이라말을 한거자나 내가 최근 앨범 더 팔았으니 장범준 윈이랬냐 그 가수 롱런도르도 장범준이 전성기가 끝나봐야 비교가능하다는거지
29,가면찾는BOT,무협초보 성시경 데뷔년도나 보고와서 이런말해라 ㅅㅂ ㅋㅋㅋㅋㅋㅋㅋㅋㅋㅋㅋㅋㅋ
30,뮐러를발롱으로,무협초보 성시경 아직도 앨범내는거 이 댓글 아니면 평생 몰랐을듯
31,Owenm,무협초보 장범준도 성시경처럼 오래되었을때도 앨범에 1등 못할텐데
32,LeslieC,어그로에많관부 원히터라기엔 성시경보다 오히려 히트곡은 더많을걸
33,허밋,LeslieC 히트곡은 성시경이 더 많지 않음? 버스커는 크게 터진게 꽤 있는거고
34,그남자그여자,LeslieC 히트곡이 성시경보다 많다고?
35,섹보스지스털섹,아티스트로 비교하면 작사작곡을 거의 안하는 성시경보다 장범준이 위라고 생각함. 작사작곡을 안하는데 어케 더 위라고 처줄 수 있는지 모르겠음.
36,미하일발락,섹보스지스털섹 너의 모든 순간처럼 성시경이 작곡한 노래도 꽤 있음장범준이 위인 거랑 별개로 성시경이 작사 작곡 안 한다는 건 오해임
37,일간베티스,"섹보스지스털섹 김형석 밑에서 나오고 나서부터 거리에서 들어있던 5집부터 성시경이 쭉 프로듀싱함. 3집부터 자작곡 넣기 시작했고, 6집부터 비중이 상당히 늘었음.7집에서 8집 넘어갈 때까지 10년정도 공백이 있었는데 그때 ost들은 작사,작곡 대부분 본인이 함.곡만 받아서 부른다는게 외려 편견임."
38,클리어,성시경 노래는 좋았는데 걍 임팩트가 없었음 ㅋㅋ 지금까지 그 목소리를 유지해서 요즘 더 뜨는 느낌. 당시 최고히트곡이였던 거리에서보다 이기찬 감기 이런게 더 순위 높았을껄
39,Fkdkd,엠팍은 ㄹㅇ 아재들이라 성시경 전성기때도 저게 요즘 인기있는 가수인가~ 이런 반응이라 더 냉철한듯여기는 아직도 롤보다 스타라는 사람들도 있어서 버즈보다 sg워너비가 위라는 사람들고 있었고 객관적이지 못함
40,다이나믹아일랜드,"가수로서 노래를 더 잘하니 성시경이 더 위라 생각함작사 작곡 능력 따지는 애들은 그럼 가수로서 장범준>이문세라고 할 건가배우한테는 대본 쓰고 감독 본다고 더 좋은 배우라고 안하면서 왜 같은 표현하는 직업인 가수한테는 작사 작곡 능력이 있으면 더 좋은 가수라고 하는 건지 잘 모르겠음아티스트, 창작자로는 장범준이 위지만 가수로는 성시경이 위지"
41,FMNat,다이나믹아일랜드 진짜 조금만 파고들어도 성시경 테크닉이 진짜 엄청나게 어려운건데 노래를 너무 쉽게 부르는 것처럼 보여지니 이러는건가 싶고...걍 둘 다 완전히 다른 스타일로 자신만의 스타일을 승화시키는데 왤케 비교질들인지 모르겠다 ㅋㅋㄱ
42,우야노내쥬지,성시경이 존나게 위지 뭔 개소리들을 쳐하고 자빠졌냐 저긴 ㅋㅋㅋㅋㅋ
43,2월30일,우야노내쥬지 90년대생이고 장범준 뜰 때가 10대후반이었음장범준의 성공을 목도했음에도 나는 성시경이 더 위라고 생각함베스트셀러는 장범준인데스테디셀러는 성시경
44,류혜영사랑해,2월30일 성시경은 동시대에 비교해도 한참 떨어짐 스테디셀러였던 적 없음
45,나는웃기다,influxDB 난 당연히 임창정같은데?지금 성시경하고 장범준비교하는게 뭐 가창력을 논하는게아니라 가수로써 실적을 이야기하는거아님? 고점이나 꾸준함모두 임창정이 위지 . 고점은 솔직히 초딩때라모르겟고 꾸준함으로치면 임창정압살인것같은데
46,khanhyo,Fkdkd 거리에서
47,로제박은빈카리나,성시경은 오히려 최근에 좀 다시 뜬 경향이 있는 거 같은데우리 제법 잘어울려요나 거리에서 때가 전성기였던 거 같고 그 이후로 막 언급이 많이 됐던 적은 별로 없던 거 같은데근데 최근에 좀 활동을 많이 해서 그런가 재조명 받고 인기가 다시 올라간 느낌. 근 10여년 간 중에 지금이 성시경이 제일 인기 많고 언급 많이 되는거 같음솔직히 가수 비교해서 줄세우는게 뭔 의미인가 싶긴 한데 대중적 영향력은 장범준이 더 위인 느낌이긴 함
48,송흥민,성시경이 혹시라도 이 글 보면 잠 못자겠네 ㅋㅋ
49,아조시의비밀친구,나는 성시경 스타일이 더 좋음장범준 노래는 뭔가 발랄한 노래밖에 없는거같음
50,부추,성시경이 고평가 이런 소리 들을 가수는 아니라 생각함 ㅋㅋ 발라드 goat까진 아니더라도 손가락 안에 들어갈텐데
51,신병모시,김해코스트코 ㅋㅋㅋ사랑인걸이랑 비슷한건 말이안되고거리에서 그 당시 올해의 노래 수상하던 노래인데
52,vitas500,성시경을 몰라서 장범준을 높게친다는건 솔직히 말도안되는게... 성시경은 당대도 평정못했음글쓴분이 댓글에 쓴것처럼 다 겪은사람들이면 장범준 뽑을듯. 근데 발라드 좋아하고 성시경 좋아하는 사람들은 성시경픽 해도 이상할건 없는 부분이기도 함.
53,축구의신아자르,노하라히로시 버스커 1집은 시대를 평정했다고 볼만 하지 ㅋㅋ 2012년 앨범인디 지금까지도 회자되고 봄만되면 차트인하는게 벚꽃엔딩 여수밤바다임. 당장 지금 지나가는 사람들한테 봄 하면 생각나는 노래하면 열에 아홉은 벚꽃엔딩 얘기할걸? 딴건 몰라도 버스커 1집은 2010년대 평정한거 맞음.뭐 제패의 기준이 꾸준히 앨범내서 성공한거라면 그럴수있지만.. 버스커 2집도 대박났고 장범준 1집 제외 앨범 다 성공함. 특히 솔로 이후에 디지털 싱글도 죄다 대박쳤는데 ㅋㅋ 회상 흔꽃샴 잠이오질않네요 등등..성시경이 장범준 아래라는건 의견갈린다쳐도 장범준이 2010년대 제패못한다는건 전혀 동의못함
54,아이짱나,그냥 성시경 음색이 개사기 아닌가 가수로서 좀 체급차이가 있다고 생각했는데 장범준이 그정도야?
55,지프는지프,성게전복죽 장범준 노래들 스밍 동접이 성시경 압살함;대표곡 5개만 들어가봐도
56,하루3시간취침,그냥 가수 급 따지기는 콘서트 규모로 보는게 제일 편함장범준 최근 - 핸드볼경기장(5천석)성시경 최근 - 장충체육관(4000석)장범준이 조금 더 급이 높긴한데 성시경은 콘서트를 자주 하고 고점이 높아서 솔직히 비슷한 급이라 생각함
57,시몬유후,하루3시간취침 비교하려면 성시경 콘서트는 축가로 계산해야지 올림픽 보조 경기장 (10000석) 3일 모두 매진
58,유비,성시경이 당연히 윈줄알았는데..95년생임 난 성시경 노래가 더 좋아
59,히드로,성시경 바로 앞에서 라이브로 들어본 사람으로써 한마디하면 세상 살면서 저렇게 감미로운 목소리는 처음 들어봄노래 좀 한다는 일반인들? 성시경 발톱 때에도 못미침 진짜 고막 유린당하는줄
60,시누누,노하라히로시 장범준이 이름값 밀리는건 성시경은 예능같은 티비 출연이 많고 장범준은 그런거는 아예 신경도 안쓰다시피 하는 것도 클듯
61,후에마,난 성시경 노래를 ㅈㄴ잘부르잖아
62,그짓말쟁이,술은 장범준이 분신술쓰고와도 성시경한텐 안된다. 장르바꿔서 한판 뜨던가
63,한국고대사,래드키 '거리에서'는 그래도  꽤 고점이라고 부를만하지 않나요??
64,스넬,장범준도 좋긴한데 개취로 좀 자가복제 느낌임 ㅋ성시경 노래 훨씬 좋아함
65,로컬푸드,스넬 장범준은 곡의 95%가 자작곡이고 성시경은 그 반대니까 당연함
66,루피,"현재 위상은 종합적으로 봤을때 성시경의 근소 우위지만 3-4년만 더 지나도 뒤집힌다고 봄장범준은 음원, 앨범 냇다하면 바로 탑10급이니성시경도 뭐 ost 같은건 곡 잘받으면 차트인 할수있겠지만 정규앨범에서 이제는 매니아밖에 남지않았다고 봄음악성으로 봐도 장범준이 꿀릴건 없지스스로 작사작곡하는 싱어송라이터랑 곡 받아서 부르는 보컬이랑은..물론 성시경은 그 보컬중에서도 독보적인 음색을 지닌 유니크한 발라더니까 위상이 버텨주는거지"
67,앞날이창창함,뭔 헛소리임. 이적 vs 성시경 같은 소리하고 있네. 장범준이 싱어송라이터로서 뛰어날진 몰라도 가수로서는 성시경이 몇 티어 위지.
68,햄버걸줄수있을때,근데 성시경 당시에 그렇게 히트 아니라는데 나 02년생이라 성시경 전성기 세대 아닌데도 어렸을때부터 거리에도 내게오는길 이런거 어렴풋이 알고있었음반면에 더 히트했다는 이수영은 가수이름도 모르고 노래도 하나도 몰랐음 나중에 내가 직접 찾아보고서야 알았고
69,리버풀러브,성시경이 가창력이나 음색은 대단하지만 대중가수로서 진짜 이미지에 비해 시대를 지배하지는 못했음. 가창력 측면에서면 모를까 대중가수로서의 커리어를 물으신다면 지금은 몰라도 조금 더 시간이 지난다면 장범준이 성시경보다 더 음악적 결과물을 유의미하게 만들 것 같음.
70,만들게없어,성시경 코앞에서 들은 나는 성시경.:
71,saddy112,"지프는지프 ㅁㅊ 너무 내려친다 ㅋㅋ성시경 역대 앨범 빼고 이윽고 한곡으로 음원, 노래방 수익만 봐도 이기찬은 비교불가임성시경은 콘서트로 수익 창출 가수들 사이에서도 탑급이라"
72,FMM,"성시경은 가창력 우위, 장범준은 직접 작사 작곡까지 가능."
73,사람이름이엄,"당연히 성시경이라 생각했는데 댓글들 보고 생각해보니 장범준, 직접 노래 들으면야 성시경이 더 잘하겠지만 장범준은 진짜 신드롬이였어서....."
74,Cayde-6,누가 더 우월하다 할 문제인가 ㅎ난 음색은 성시경이 더 좋지만 곡 스타일은 장범준이 좋다~~~~
75,두!두!다!다,보컬로써 가치는 성시경 압승그 이외에 노래를 직접 만든다는 점부터 뭐 그런건 장범준한테 명함 내미기도 민망하지
76,위선적인축리웹,가창력만 따진다면 성시경이긴 할듯
77,(덜렁거리며),본인이 더 체감한 가수가 본인에게 더 높게 평가 되는거라 생각함.난 둘 다 별로 체감하지 못했었는데 그나마 더 젊었어서 노래 들었던게 성시경의 노래를 많이 들어서 그런가 성시경.
78,개꼴데해체점,본인 처음 가져본 테이프가 성시경 1집이었음 성시경은 아스날같은거임 꾸준히 상위권 장범준은 신드롬이었고
79,박뽀영,하우HOW 성시경도 작사작곡 많은데.. 근데 벚꽃엔딩이 넘쎄다
80,크크루삥똥,지금은 성시경이 더 높을지라도 시간지나면 장범준이 넘어서긴할듯
81,(부득이하게),"성시경, 박효신 넘었나?"
82,쿤디판다,발라드 goat 성시경이라는 댓글은 진짜 개소리임. 발라드 goat는 이문세지 ㅅㅂ
83,나카모리아키나,쿤디판다 아니 솔직히 성시경은 박효신이랑도 힘들어 보이는데;;
84,캐뻘줌,성시경 노래는 좋은데 사람은 싸가지 없어서 별로임
85,Maignan,근데 나이때문인가 성시경노래를 몇개모름 거리에서랑 몇개 더..? 장범준노래는 많이알고
86,파이리돈까스,"가수로서는 성시경, 뮤지션으로서는 장범준장범준 자가복제가 심하니 어쩌니 해도 벛꽃엔딩 임팩트가 너무 강함벛꽃엔딩은 단순히 히트곡이 아니라, 그냥 그 계절 그 감성 자체라"
87,고북2,난 성시경특유의 감성이좋아
88,학위좀주세요제발,장범준 성시경이야 뭐 취향차이라고 쳐도장범준이 너무 무시 당하는 느낌은 있네 노래가 따라 부를만 해서 그런가? 그래서 더 대단한건디.. 남들이 부르기 어렵고 고음 팍팍 내질러야 대단한 가수인건 아닌데 말야
89,siea,걍 닥 성시경 아님?
90,아임닭,성시경이 콘서트티켓파워력 훨씬 더 쎌텐데ㅋㅋ
91,장수풍뎅이애벌레,나도 무조건 장범준이라 생각했는데 여긴 성시경 여론이 점령해서 놀람난 장범준노래를 더 많이 들었음
92,제니콜라,노래 실력은 성시경이지만 자기 음역대나 목소리 컬러에 맞는 음악을 잘 뽑아내는 건 장범준임. 징범준에게 감사해라 고음역대 노래 안만들고 쉽게 노래방에서 부를 수 있는 노래 만들어줘서
93,삼성이성규,내가 작곡가면 성시경한테 곡주고싶긴할듯
94,뿡2,성시경은 그냥 발라더고장범준은 장르를 개척한 개척자임
95,라마라마라마,이건 닥치고 성시경이지 이걸 왜 고민하나 목소리 하나로 끝 아님?
96,Ebitda,무조건 성시경인데 이걸 장범준이 비빈다고? 어이가없다
97,코인은돈복사,난 성시경 노래 좋아~
98,구광모,가수로는 성시경이고 뮤지션으로서는 장범준 아닌가
99,가끔이러다,난 성시경
100,firstaid,히트곡수는 성시경이고 고점은 장범준아닌가
101,순돌스,근데 일단 보컬실력면에선 성시경 아닌가?장범준은 작곡실력은 인정하지만 음색이외에는딱히 보컬로는 뭐없는데
102,전주역,가창력이라던지 이런건 성시경이 이길 수 있으나 활동 자체는 장범준이 쌔다고 봄
103,마스터이이,"히든싱어 장범준 2라탈락 , 성시경 우승 .   고로 성시경 승"
104,꽃벙죽,가창력만 따지면 당연히 성시경이겠지 근데 누가 더 좋은 아티스트고 가수냐 하면 닥 장범준 아닌가? 애초에 장범준 앨범이랑 싱글 커리어 따라오는 가수가 몇이나 된다고
105,Lloyds,누구 노래가 더? 그러면 벚꽃 히트가 많은? 그러면 성시경 아닌가. 근데 영향력은 벚꽃 이길 노래가 앞으로도 있을까 싶다.
106,강구zl,"아까도 장범준 너무 내려치기 당한다고 댓글달았었는데닥 성시경이란 사람들 보면 걍 앞뒤다짜르고 지생각만 맞다는 인간들이 많은듯그리고 성시경이 마녀사냥+유튭 으로 인지도 개올라가서 오히려 젊은세대가 장범준보다 성시경을 좋아하는게 느껴진다성시경 발라드가수로서 독자적인 입지,본인스타일,메가히트곡 다 인정하지만 막상 본인 가수하던 시절에 독보적인 느낌은 1도 없었음"
107,라우브,먹을텐데 성식영 승
108,하입쿠키,근데 성시경은 전성기에 남자들한테 비호감으로 찍혀서 저평가 받은 감도 있음
109,모기죽여존나죽여,노래 실력은 성시경그 외 직곡이라던가 대중성은 장범준 아님?
110,포계의업상입니다,이게 비교가되나 ㅋㅋㅋㅋ장범준은 진짜 한획을 그은 사람인데 성시경은 목소리 좋은 당시대 잘하는 가수 1 정도고
111,오르니틴,포계의업상입니다 신승훈 다음 계보가 성시경임국가대표 발라더하지만 장범준이 위라고 본다
112,dksmdjs,아까 댓글보니 장범준 개좆으로 보는 댓글들도 많던데 ㅋㅋㅋㅋㅋ성시경도 대단하지만 장범준을 개좆으로 보는 댓글이 있다는게 존나 신기했음 ㅋㅋ
113,캡틴룩,"보컬만 따지면 성시경, 프로듀싱 능력까지 치면 장범준이라고 생각함"
114,음밥페내놔,개인적으로는 성시경내 최애곡이 희재이기도 하고…
115,할머니사랑꾼,"성시경이 가수로서의 자질 (음색, 가창력)이 엄청 뛰어나고 명곡도 많지만 장범준은 좀 더 대중적으로 히트하고 성공을 거둔 뮤지션이라.. vs의 기준이 정확히 가수의 자질이냐 아님 그냥 연예인으로서의 대중성의 성공이냐에 따라 평가가 다르지"
116,세르히오정게로,닥성시경인줄 알았는데장범준 평가가 이리 높았나
117,에프엠골이아,나는 성시경이긴한데..지금까지 경력이나 이런걸 봤을때 장범준이..시간만지나면 뛰어넘을거라고봄...개인적으로 음색은 성시경이 너무좋고..다른 아티스트적인 능력이나 작사작곡능력은 장범준이 좋아서..ㅋㅋㅋ
118,으라챠,장범준은 버스커버스커 1집 발매한걸로 그냥 성시경 가볍게 정리하는거 아닌가... 이정도 파급력 가진 가수가 2010년대에 얼마나 있었는지
119,현대천문학개론,노래 실력은 성시경
120,유상빈,노래 가창력은 성시경. 음악인으로서 더 성공은 장범준
121,콩순이김레이,노래를 누가 더 잘하냐 > 성시경누가 더 위대한 아티스트냐 > 장범준
122,Kokekeke,성시경은 요즘 노래 안하고 술 많이 드시는 분 아니었나
123,식민지구단,결국 돈 많이 번 사람이 승자아님?? 이걸로 따져도 장범준은 곡수가 적은 대신 효자곡이 성시경보다 수익이 좋을거 같고 성시경은 효자곡이 장범준보다 적겠지만 주옥 같은 노래가 한 둘이 아니라 존나 박빙이네
124,혀르테타학,개인적으로 장범준 노래는 참 좋다는 생각이 항상 들지만 성시경 노래처럼 감동은 없는 듯 ..
125,내삶의반다이크,와 ㅋㅋㅋ진짜 내가 엄마한테 장범준 노래 뭐가 좋다고 맨날 듣냐고 소리 듣던 사람인데도 성시경인데어떻게 장범준이지 ㅋㅋㅋㅋ 진짜 이해 안됨ㅋㅋㅋ임팩트만 따지면 장범준인거 이해하는데 overall로 장범준이 위라고? 전혀 아마 10대20대 한정일듯
126,김가가,"누가 성시경은 어느노래든 부르면, 본인곡으로 승화시키는 창법을 가지고있다고해서그전까진 나도 성식이형 파였는데장범준 회상 듣고 생각 완전바뀜. 본인 창법 장난아님 그냥한국 어디에도 장범준처럼 노래부르는사람 찾기힘들정도로 유니크함가창력이런걸떠나서 ㅋㅋ김창완씨 노래를 그렇게 본인곡처럼 부를줄은 몰랐음"
127,잉이이이이,장범준은 아티스트영역이고 성시경은 걍 가수 범위가 다르다고봄
128,녹차먹은돼지,틀딱 남자들이 성시경 느끼하다고 많이들 싫어했지 ㅋㅋ 여자들은 반대로 엄청 좋아했고
129,O.Skipp,포지션이 완전 다른데 무슨 의미가.. 가창력은 성시경 압승이고 작곡 능력은 장범준 압승 장범준은 노래도 하니까 종합점수가 높다고 하는데 성시경도 작곡 능력이 제로인게 아님
130,동탕,걍 지금 포크쪽 원탑 장범준발라드쪽 원탑 성시경인거지이걸 누가 낫니 마니 싸우는게 이상한거 아님?
131,반코,"벚꽃엔딩이 불후의 명곡은 틀림없지만 거의 대부분 노래가 허어~어어~  원툴이고 목소리가 금방 질림성시경은 전문가들, 프로듀서들이 뽑은 올타임 넘버원 급 보컬"
132,무슨,ZUTOMAYO 정보) 너는나의봄이다의 작곡가는 성시경이다
133,황족첼붕이,ZUTOMAYO 뭐 작곡능력면에서는 장범준이 위다 이런말하고싶은거아님? 성시경 작곡못함 이런뜻은아니고
134,비내리는오후,고점은 장범준이 높아도 히트곡은 성시경이 더 많지 않나.
135,지국천왕,누가 우위인진 모르겠고 둘 다 안 듣다가 성시경 노래는 요새 듣는 중
136,Durex,성시경은 10cm랑 붙어도 10cm가 이기는데
137,긴매,난 굳이 따지자면 장범준 세대인데도성시경이라고 생각하는데..
138,swallow,나도 둘 다 잘나가던 시절 다 경험했고 장범준은 슈스케때 초반에 떨어지기 전부터 얜 무조건 대성할 밴드라고 생각했었고 지금도 엄청 높게보긴하는데그래도 성시경..
139,데이곤,장범준은 성시경보다 sg 와나비랑 비교해야 급이 맞을 거 같은데
140,코코펨한펨착,개인적으로 성발라 노래 더 많이 들어서 성시경
141,magik,난 성시경 학창시절에 진짜 많이 들어서 성시경
142,수정펀치,성시경은 김동률한테도 밀림
143,가기로했으면가,성시경이 활동당시에 1등으로 씹어먹지는 못했어도 고평가 받는 이유가 계속 찾아 듣게되는 노래가 많음앨범 판매량 같은건 성적표로 볼때 중요하지만 결국 누구 노래를 더 많이 들었냐 하면 버스커+솔로 장범준 노래는 한철에만 듣고 그렇게 많이 찾아듣지는 않은듯
144,속삭이는몽자,성시경 전성기 직접겪은 엠팍에서도 장범준 승이면 더 할말없지 뭐
145,한판만할까,성시경 장범준 둘 다 좋긴한데 지금도 듣는건 성시경노래임. 난 성시경
146,토깽이,쥐뿔도 없는 여수를 관광도시 만든게 장범준임 ㅋㅋ그래도 난 성시경 팬이라…성시경도 데뷔때 반짝 인기많다가 2010년쯤 전후로는 느끼발라더로 많이 까였었음. 복고랑 옛날감성이 인기많아지니 재평가 제대로 받은거고. 가창력은 성시경이 넘사. 대중적인 영향력은 장범준이 넘었다고 봄
147,방부제인생,성시경은 보컬이 좋은거긴해...보컬은 씹상위지
148,제육좋다,내가 성시경 데뷔초부터 봤는데 성시경이 장범준에 비교될 급이 아닌데 참 내 ㅡㅡ
149,델짱에로,머야 성시경이 이리 저평가됌?
150,0나니,솔직히 성식이형은 가수로서의 전성기는 이미 10년전에 끝났지. 별그대 OST가 전성기의 마지막 이었다고 봄.이후로는 예능이나 시상식 MC에 더 가깝지. 지금은 유튜버고ㅋㅋㅋㅋㅋㅋㅋㅋㅋㅋㅋㅋㅋ
151,PURPLE,보컬로서냐 뮤지션으로서냐에 따라 답이 달라짐보컬로는 성시경이 압승뮤지션으로서는 장범준이 압승
152,내로남불척결,노래실력으로 하면 성시경그외엔 장범준
153,ㅁㅅㅍㅌ,난 성시경. 우리엄마 장범준 모르고 성시경은 알듯
154,펨코는사랑,장범준은 프로듀싱 능력이 뛰어난거 아님?? 성시경은 보컬리스트인데 비교대상이 이상함
155,러브다이브,의외네 성시경 인기 미친듯이 많았을줄ㅋㅋㅋ거리에서가 워낙 유명해서
156,호나우두나자리우,성시경이 딸려서 장범준이 위인게 아니라성시경도 대단하지만장범준이 히트를 더 잘 친 사람인거
157,qdwqdqwd,난 성시경... 장범준 방송활동안해도 그정도라는데 갠적으로 성시경 방송활동은 오히려 가수 성시경한테는 마이너스라생각해서..
158,밸브,아티스트로 장범준이 걍 압살이지 싶은데... 근데 장범준 노래는 버스커 1집 이후로 몇 곡 안듣고 성시경은 플리에 항상 있음ㅋㅋㅋㅋ
159,웅3,성시경은 이제 '먹을텐데'만 해도 먹고 살 듯.
160,shy9_29,내 취향은 성시경이긴 한데.. 콘서트 가봤는데 진짜 좋았음
161,은월향,아니 근데 진짜  장범준 후려치기 ㅈ대는듯; 성시경 전성기가 장범준급 임팩트였음? 봄되면 어김없이 차트 상위권 스물스물올라오는 봄의 캐롤이라는 곡을 작사작곡하고 그거말고도 꾸준히 메가히트곡이 나왔는데 ㅋㅋ장범준 후려치기가 너무심하네
162,임나우,은월향 나는 성시경이 더 좋은데 절대 그 정돈 아녔음ㅋㅋ
163,홍시우포드,내손을잡아 허어어어어어엉이 대부분인 노래보다 성적낮은 성시경 노래는 뭐임?
164,이시하라사토미.,성시경 노래는 자주 찾아 듣는데 장범준 노래는 신곡 나왔을때 빼고는 찾아듣지는 않게 되더라
165,국가안보,고음 때문에 성시경>장범준이라는 사람들 의견은 들을 가치도 없음케이팝 망치는 주범들임
166,채원.,국가안보 애초에 성시경이 고음으로 유명한게 아닌데 먼소리하노
167,밤11시에,"그 중들이 경전 외듯이 앵앵앵앵 부르는, 듣기 존나 싫은 음색이 장범준이라면 닥치고 성시경이지. 가창력 비벼진다는게 성시경에게 굴욕이다."
168,기묘띠123,성시경이라고 하는 분들은 대부분 노래 실력이나 본인 취향에 많이 점수를 주신 거 같음. 생각해보면 객관적인 영향력을 따졌을 때 장범준이 훨씬 더 큰 거 같은데
169,단잉디임예솔,성시경 고평가 되는게 아마 정통 발라더? 요즘 좀 드물잖아 그런장르의 계보도에 이어지는 인물이라 그런거 같음.
170,짭뇨띠,작곡으로 대박친 장범준싱어 역량은 성시경난싱어송라이터를 더 쳐줌 그게 더 어렵자나
171,지다누10,대중성은 장범준나머지는 성시경 압승이지.. 장범준 택하는 사람은 헤이즈 vs 박정현에서도 헤이즈 택할 건가?ㅋㅋ
172,STAN1EY,누가 가수로서 더 나은지는 모르겠지만 콘서트 하나 갈 수 있다면 난 성시경
173,시대정신,성시경은 여자픽이 존내 높은듯원히트원더로 따지자면거리에서 vs 벚꽃엔딩 난 벚꽃승
174,eclips2d,노래 실력의 경우 둘의 방향성이 다르지만 성시경 우위라고 보는데 전반적으로 가수로써 내는 앨범이나 작품을 본다면 아티스트로서는 장범준 압승임
175,귀로천,가수 성시경 윈 싱어송라이터 장범준 윈
176,구래덕송아,그냥 발라드계 황태자 계보를 누가 이었는지 생각해보면 됨. 애초에 성시경은 콘서트 가수인것도 크고
177,씹다껌,성시경 아닌가?? 노래 난이도자체가 성시경 노래가 훨씬 어렵잖아 물론 노래 부르기 쉽다고 해서 원곡 가수가 노래 못 부르는다는 말은 아닌데근데 이게 누가 더 노래 잘 부르냐 그거 비교하는거임? 전체적인걸 비교하는거임?
178,마크로니아,잘 부르긴 하지만 그냥 좀 더 대중적인 느낌이 장범준이지.ㄹㅇ 노래는 성시경이지.아이유가 대중적으로 성공했다고 이선희랑 비교하는꼴 아니냐.
179,하인즈,마크로니아 장범준이 성시경 넘었듯아이유가 이선희는 이미 넘었음
180,유짐,성시경이 현역 중에 탑급 보컬이긴 하지만둘 다 대중가요 가수니까 상업적인 측면에서 압살하는 장범준 승이지
181,킹갓제너럴아자르,둘중 한명 꼽으면 무조건 성시경인데.. 김나박이처럼 발성 짱짱한애들만 인정해주는 시대에서도 살아남아서 지금 00년생들까지 노래 다 듣잖아? 노래방 차트 100순위 켜서 히트곡 개수 세어봐도 성시경 압승임
182,뻥쟁이,장범준은 음지의 고수 느낌이고 성시경은 양지의 고수 느낌. 결론은 그냥 둘다 짱이라 생각함.
183,센스는챌린저,"다 주관적이니까 갈리지 ㅋ음반판매량이나 1위 횟수, 저작권료 등등 다양한걸로 자료 제시라도 해야 납득하지난 성시경"
184,점화블래스터,센스는챌린저 사실 객관적인 지표로 따지면 장범준이 압승이긴 함 성시경이 원탑이었던 시기는 거의 없음
185,상호돈신,성시경 동시대에 브아솔 sg워너비 버즈 김종국 등 너무 많았지 않나 장범준은 그야말로 씹어먹었고
186,픽스트,"같은 기간대비로는 장범준이 임팩트 더 쎄고성시경은 아무래도 연차가 오래된 가수고 롱런하고있으니 누적치가 많이 쌓인 느낌 ?현기준으론 성시경 누적치가 더 많지만, 장범준이 지금 폼 더 오래 유지하면 장범준일듯딱 최고점만 비교해보면 장범준 버스커때가 더 높음"
187,매콤항정살덮밥,장범준 앨범퀄 지리긴 함가사같은거 대충쓴듯한 곡도 장범준만의 느낌이 있어서 좋음가창력이나 노래적표현은 성시경이 압승인데장범준은 작사 작곡 다 되고 히트곡도 많아서아티스트로 보면 장범준이 이길테고노래실력은 성시경이지 거리에서나 희재같은 어려운 노래성시경이 받은 이유가 있음
188,한산,성시경 전성기를 직접 본 사람인데닥 장범준인데
189,RX-78,둘 중 한 콘서트만 가야된다면 성시경 ㅋㅋ
190,과일귀신,노래 실력은 성시경이 압살이긴 한데뮤지션 그 자체로만 보면 장범준이 추월한 것 같음본인 작사작곡에 낼 때마다 히트하니까 뭐성시경도 명곡 많지만 최근 10년 가까이 가수보단 예능인 활동이 더 두드러지지 않았나근데 콘서트 가라고 하면 성시경 콘서트 갈거임
191,lastfasc,ㅁㅊ.. 어쩌다가 성시경이 장범준 비교대상이 되어버렸노.. 내가 늙은건가
192,포스터칼라,근데 벚꽃엔딩 대박난거 인정인데그런 식으로 따지자면 성시경은 고사하고 뭐 하다못해 유재하도 장범준에 못비비는거 아니냐?
193,도표쵸데케,애초에 성시경은 전성기 시절에도 원탑급은 아니었는데...
194,ㄱㄱㄱㄱ12,개인적으론 비교하기 부끄러울 정도로 성시경이라 본다ㅋㅋ 가요 부흥기때도 빛났던 가수랑 암흑기에 비교우위로 앞선 가수의 차이인거 같음
195,친일파척결,성시경의 롱런은 그의 음악적 역량도 있지만매일 방송국 관계자들과 마신 술의 영향도 크다고 봐요 반면 장범준은 은둔형 외톨이라서 장범준 손을 들어주고 싶네요
196,Broja,"난 장범준인게성시경이 잘나가던 시절엔 발라드 부르는 가수들이 많았음. 물론 그 중 에서도 성시경은 대단했지만장범준은 댄스가수 활개치고 다니고 그룹사운드, 통기타 + 보컬 이란게 ㅈ망한 시장에서갑자기 기타메고 짜잔 하고 등장해서대중성 하늘 찍는 음악들을 냈다는거에서 좀 더 높게 쳐 줌."
197,OMGDMOUP,그냥 길거리가서 누구 콘서트 갈거냐고 100명한테 물어보삼 성시경이 압도적으로 이길껄?
198,낑깡꽁뀡,"팩트) 성시경 데뷔 2000년, 버스커버스커 슈스케 출연 2011년 걍 말도안되는 비교임ㅋㅋ"
199,44777,"전성기 한정이라고 하면 성시경이긴 한 데, 2022년 현재는 장범준이 압살이긴 해.요즘 애들은 성시경을 앨범 낸 노래 잘하는 예능인, 유튜버로 아는 수준 아닌가?"
200,V.주니오르,성시경
201,밀수업자27,난 무조건 성시경버스커 - 장범준도 좋지만 성시경이 더 좋아 콘하면 성시경콘감
202,코제르다르크,성시경은 거의 리빙 레전드인데 발라드 분야 황제 아님? ㅋㅋ 장범준 노래는 좋은데 감탄은 안나옴 성시경 노래는 좋은데 감탄도 나옴 당장 콘서트 보내줘도 성시경 콘서트 감 나는
203,표삿갓TV,래드키 애초에 장범준 성시경 분야가 다른데 남자 발라드 솔로하면 성시경이고 남자 컨템포러리 포크 솔로하면 장범준이지 뭘 그정도가 아니야 ㅋㅋ
204,올롤,코제르다르크 장범준과의 비교를 떠나서 애초에 성시경이 그정도는 아님
205,전승우승가능,성시경이 장범준한테 비빌수있다는게 믿기지않네 히트곡 수준이 다른데?성시경 전성기때 벚꽃엔딩급 임팩트는 아니더라도 여수밤바다 수준이라도 되는게 있나?노래방에서정도나 있지
206,화산귀환1,전승우승가능 거리에서넌감동이었어희재내게오는길좋을텐데두사람너는나의봄이다우린제법 잘어울려요대충생각나는거 적었는데 이거 다 여수밤바다급은 되는듯
207,qlsjdowm,발라드 좋아해서 성시경 승
208,멍청이바로너,괴거 미화 ㅈ되는데 웃긴건 진짜 그 세대 겪어본사람들은 성시경 그정도급까진 절대 아니라고하는데 안겪은 애들이 올려치기 한다는거임ㅋㅋㅋㅋ 성시경이 발라드 goat라는글이 배댓 먹지않나
209,낡은핸드폰,그래도 누구 콘서트 갈거냐고 물어보면 다들 성시경 고를거지?
210,다두다아라,낡은핸드폰 성시경 아는 노래가 별로 없어서 장범준 갈듯
211,완소파,"성시경도 엘리트급이지만, 당시 음악프로 1위 같은 건 거의 못 해봄. 00년대 초반 여전히 전성기였던 임창정, 조성모, 00년대 대장급 브라운아이즈, sg워너비, 임팩트도르 한남자, 1~3집 연속 대박친 버즈 등에 비하면 2티어로 봐야 됨."
212,장필립,성시경 전집 합쳐도 버스커버스커 1집만큼의 파급력 없음
213,숲튽김치,버스커 1집으로 성시경 커리어 익사 가능같은데
214,낚시왕,둘 다 유튜버니까 구독자수로 비교한다성시경 109만장범준 94만성시경 승
215,심판,자시안 성시경은 먹방이 엄청흥해서 ㅋㅋ
216,공정한나라당,20대 후반인데 이승철 성시경 말고 듣는 00년대 발라드 없는데 ㅋㅋ 근데 성시경이 진짜 오히려 젊은 세대에서 고평가된 가수임?
217,범수염고래,"아 성시경쪽이었는데 좀 흔들리긴한다.모든 앨범을 손수 만들어서 내놨다는점이 너무 크게 작용함. 내 발라드 명반 원탑이 유재하 앨범인데,성시경 앨범은 단 한번도 전체 풀재생으로들어본적이 없음장범준 앨범은 버스커버스커 이후로도 솔로앨범 3집까지 다 들어봤었고."
218,더블불고기세트,가수는 가창력이지 닥 성시경
219,chocolat,난 첨에 보자마자 성시경이라고 생각했는데 댓글들 보니까 장범준이 더 위인가 싶기도하네
220,루킹폴어탠션,히트곡 빼고 슈스케 한정으로도 장범준 승인듯그시절에 노래잘하고 잘부르는 발라드 가수는 많았음 그사이에 성시경이 1티어도 아니었고
221,윤종신,"포스터칼라 나도 이승철, 성시경 고름 ㅋㅋㅋ"
222,야광번쩍,[페르소나] 장범준 아는세대면 성시경도 무조건 잘알지 근데 난 그세대인데 성시경 노래를 더 많이암
223,딥쓰리커리,기준이 먼데 시발 ㅋㅋ히트곡이면 장범준이고 실력이면 성시경이고고음가창도 안되는데 장범준은 본인도 인정했고 걍 개성있게 부르는거고
224,선호공주,"일단 두 분 포지션이 많이 달라요.성시경님은 발라드 하면 최정상에 위치한 대표가수고요,지금도 그 많은 남성들이 성시경처럼 부르고 싶어해요. 기술적으로도 뛰어나시고요.장범준님은 대중적으로 성공한 싱어송라이터시고요,순수한 가창에 집중하신 분은 아니에요.이게 vs가 되는가? 에 물음표가 생기네요."
225,토레스리,둘다 존나 좋아하는데 아직은 성시경이 위라 생각함. 근데 아직 장범준은 앞으로 10년이나 더 남아서 이 기간에 충분히 반열에 오를 수 있다 생각.
226,강혜원와이번스,성시경은 가수로서도 연예인으로서도 인기 있는건 맞긴한데 걍 한창때도 혼자 짱먹는 급이었던적이 없음
227,바카스사줘,장범준이 한 곡 내고 사라진 것도 아니고 이게 비교가 되냐 ㅋㅋ 성시경은 한번도 정상을 찍어본 적이 없다. 한 해 10대 가수를 뽑으면 간신히 한 두 번 들어갈 정도의 커리어. 좋니로 1위 찍기 전 윤종신 생각하면 되겠네
228,팬아메리칸항공,성시경 시대 좀 봤어도 장범준이 위별개로 목소리는 개취로 성시경장범준은 음색이...
229,97년생아재,오르니틴 발라드 황제 계보는 이문세-변진섭-신승훈-조성모까지임성시경은 택도 없음
230,아미지노,성시경은 먹방력이 더 좋던데?
231,rkdkeeii,대충적당히 이거는 성시경 갈꺼 같은데 라이브 차이가 너무 나잖아
232,수선생님,콘서트는 1초도 안망설이고 성시경 갈듯
233,브라질 호나우두,실력은 성시경히트곡은 장범준
234,gordito7,난 성시경이 더 죠아잉
235,복현2동,나 91년생 솔직히 말해서 성시경 노래 거리에서 말고 뭐 있는데?주위 사람들에게 물어보면 성시경 노래 아는거 말하라면거리에서 말곤 모르는 사람 수두룩함내 기억에 성시경은 거리에서랑 라디오 잘 자요예능에서의 성시경 말곤 모르겠음
236,시펄넘,아재인데 성시경 임팩트가 있었나? 박효신을 적어도 내 주변에선 더 많이 들었던듯이수나 브아솔도 데뷔시기 비슷할텐데 ㅋ
237,베이빌론,이게 갈린다는게 더 신기한데 난..ㅋㅋㅋ;성시경은 우리나라에서 손에 꼽힐만한 보컬리스트이자 싱어송라이터임 히트로치면 김범수도 장범준보다 밑임??ㅋㅋㅋㅋ말이되는소릴해라 좀
238,룰랄룰루,성시경도 곡을 쓰는걸로 알지만 장범준은 엥간하면 다 본인이 쓰지않나? ㅋㅋ
239,DAEGU,어차피 장르 분야도 다른데 비교는 무의미하고 대중에게 콘서트 어디갈꺼냐고 줄세우면 성시경으로 몰릴듯
240,텐하흐맘,한섬닷컴 방송 활동을 단 한 번도 하지 않았음에도 불구하고[1] 음악 프로그램 차트 1위를 달성하고 음반 판매량 70만장과 음원차트 21주 연속 1위[2]라는 대기록을 세웠다벌써일년 21주연속이라는데 거리에서 몇주냐
241,Olimpico,솔직히 성시경 전성기때 탑급아니었음 안티 많았던것도 기억나고 요새 와서야 다시 뜬거지
242,JROD,모르겠고 성시경 먹을텐데 씹꿀잼
243,서릿빛이즈리얼,성시경이라 생각했는데 버스커버스커 히트곡모음보고 생각이 바뀜
244,소녀이론,벚꽃엔딩 장범준이 곡 혼자만든거면 비교불가지 성시경이랑
245,얌냠냠,성시경 올려치기 심하네실제로는 연간 판매 순위가02년에 8위한 것이 최대 등수다나머지는 10위 안에도 든 적 없고장범준과의 비교를 떠나서 최대 전성기조차 많은 상위권 가수 중에 하나였을 뿐이야성시경 목소리는 나도 가지고 싶지만성시경은 전성기에도 20위~5위 왔다갔다 하는 가수였어
246,갓지은식은밥,동시대 성시경이랑 비슷하게 데뷔한가수가 나얼 김범수 박효신 아님? 애초에 동시대 씹어먹은적도 없는데 성발라 왤케 고평가하지..
247,고스로,갓지은식은밥 https://theqoo.net/square/2257562413응 멜론 누적 남솔 1위가 성시경임현실은 00년대 노래중에 감상자수 500만 넘은 발라드곡 거리에서랑 눈의꽃 두곡뿐이다
248,초범9,성시경 전성기 세대 입장에서 솔직히 까고 말해 지금 성시경은 유튜브나 마녀사냥 같은 예능으로 익숙해져서 고평가 ‘당한다’고 생각함..성시경 전성기라고 할 수 있는 00년대 초중반에 성시경은 그냥 노래 잘 부르는 괜찮은 발라드 가수 정도 이미지였는데 갑자기 무슨 탑 발라더 계보까지 나와서 좀 당황했음.
249,우르르르,장범준 활동도 안해도 음원나오면 1등 가능. 성시경 활동 존나함
250,Kkksmmk,성시경 노래도 별로 좋아하진않지만 장범준 노래는 질려서 못듣겠던대
251,ASAPASPA,뭘로 비교하는지 모르겠지만 가창력은 당연히 성시경이고 가수로서 따지면 곡까지 쓰는 장범준이 더 위인듯
252,인천로쏘네리,노래는 성시경이 더 잘부르는데 히트는 장범준이지
253,백암센세세,성시경 전성기때는 그땐 너무 어려서 잘모르겠는데 성시경 노래는 거리에서말고는 잘모르겠고장범준은 버스커 1~2집 둘다 좋고 솔로앨범들도 꾸준히 상위권이라 난 장범준 같음
254,김문약,실력적으론 시경이형이지
255,지나이,성시경도 히트곡 많은 가수인건 팩트지만 벛꽃엔딩으로 이미 끝났음.세대를 아우르는 노래 한곡 만들었으면 다른건 다 필요없는거라고 봄.
256,타즈딩고,드라마 때려 재밌게 봐서 성시경
257,음탕지찬,성시경 걍 예능인아니냐?
258,쓰빠루빠,"성시경이 학벌, 예능으로 이미지 이득 많이 본 사람 이지... 성시경 하면 떠오르는 노래가 있긴 하냐?"
259,코나유키,쓰빠루빠 희재 거리에서 등등 히트곡은 많지;; 너무 억까다
260,대기업생산직,음..저는 성시경 한 표
261,쥬짓수마스터,성시경 진성팬 발라드빠돌이라 정확하게 표현가능함. 앨범성적이나 차트순위같은걸로 기준삼으면 장범준이 성시경 압살하는건 사실임. 근데 성시경은 적당한 감성의 팬들에게 꾸준히 사랑받고 히트곡 수도 많이 내면서 롱런한거지. 근데 이런식의 기준이면 당장 박효신 김범수도 장범준한테는 안됨.
262,한문철의블랙박스,시경이형은 이제 밥먹으러 다녀야지
263,윤복서,성시경도 물론 좋아하지만 장범준은 독보적임 그래서 장범준
264,클클클클,난 성시경이윽고 이걸로 끝나다고 봄 ㅇㅇ
265,브라쪼영생기원,그냥 장범준이지성시경 노래 되게 좋아하긴하지만
266,보적보는과학이다,난 개인적으로 장범준이 노래 잘하는줄 모르겠어서 성시경 한표
267,MUGN,노래 실력+음색은 성시경돈은 장범준이 더 많이벌었을거같네 ㅋㅋ
268,라크슌,콘서트 누구갈래하면 대부분 성시경아닐까?
269,단거가메,난 무조건 성시경인데 의외네
270,스르르르르르,둘중 한명 고르라면 성시경
271,23년말까지삼전,어떤걸 기준으로 삼느냐에 따라 다르지나는 성시경노래를 더 즐겨들으니 성시경
272,내사랑비어만,둘이 시대가 달라서 히트곡 도르로 비교하는거도 애매하지둘 음악에 대한 접근성이 다른데성시경 전성기때는 테이프나 cd시대라 타이틀곡 말곤 많은 사람들이 접하기가 어렵던 시대였음장범준처럼 수록곡 줄세우기가 불가능했던 시대.오히려 고속도로 차트있던 그런 시대였는데전성기 기준 둘다 대중성 뛰어나고 히트곡 있고 롱런하는데시대가 넘  달라서 단순 히트곡수 비교는 애매해보임이미 성시경 새음악들은 대중성보단 지하고싶은거 해서 팬들위주로 바뀌었고 박효신처럼
273,밈챠챠,가수들간의 선호도는 취향차이니까 비교하기 어렵지만일반인이 부르는 노래의 난이도는 월등히 성시경이 높다고 생각함
274,완납적원천징수,"그런데 오해하는 게 있는데 성시경은 sg워너비, 버즈보다 전 세대임00년대 초반 이수영 히트하던 때랑 같은 세대거리에서는 성시경 인기 낮아질 때 부활한 곡이고"
275,라이올라,성시경 입장에서는 꽤 자존심상할듯ㅋㅋㅋ 지금 세대는 장범준이 맞는거같고
276,뮤짤,"둘다 본인 영역은 확실하고 수요층도 많으니 이건 비슷하다고 치고,노래실력이야 당연히 성시경 우위인데히트곡 찍어내는건 장범준이 넘사라고 봄고점이 거리에서 vs 벚꽃엔딩 정도 같은데 일단 고점은 둘다 존나 높음근데 데뷔부터 지금까지 ㅍㅅㅌㅊ이상 히트곡 나열하라면 이건 곡수대비 장범준이 넘사로 많음ㅋㅋ"
277,ofe66,모르겠고 난 성시경 노래가 더좋음
278,똥꾸녕,벚꽃엔딩하나로 성시경 다 박살냈지 머
279,짭룩말,기준이 뭐지 대중성이라면 장범준 인정인데 그 외엔 싹다 성시경 압승같은데
280,염소놀이,가수면노래 실력으로 평가하는게 맞지않나고로 성시경이라고 생각하는데
281,아스날지면포뿌림,장범준 가창력 좋은건 아닌데 성시경이 장범준 노래 부른다고 노래 뺏는 수준인것도 아님
282,존망시아,아스날지면포뿌림 성시경 보컬로 여수밤바다?동상 건립 가능
283,풋볼햄찌,노래실력은 성시경이고 실적은 장범준인게 극명하지 않나
284,나는착한사람,노래를 아는 느낌으로만 치면비틀즈(장범준)이랑 웨스트라이프(성시경) 느낌?성시경 노래는 진짜 좋은거 많고 보컬로서도 뛰어나고 독보적 음색으로 한 시대를 풍미했다고 할 수 있는데 장범준의 벚꽃엔딩이 한국의 렛잇비 수준이라...그리고 장범준은 앞으로 더 보여줄게 많은 가수라서 장범준이 좀 평가 좋을거 같다
285,션샤오팅,"courteou 아니 애초에 성시경이 임재범 급이 아닌데 어떻게 성립함? ㅋㅋㅋ 장범준은 히트곡 외에도 앨범의 완전성이나 아티스트 측면에서 성시경 보다 낫다는 거고임재범은 시나위 보컬 시절 커리어, 이 밤이 지나면 고해 너를위해 같은 메가 히트곡+ 보컬로도 우리나라 탑 수준인 완전체 가수인데님들이 너무 임재범을 무시하는 거 아닐까?"
286,스텔라장,노래잘하는사람이 이긴거지 성시경 승
287,바실레우스,내 플레이리스트에 손에 꼽는 한국곡 포함된 성시경 승
288,망망치,OMGDMOUP 딴 인기글에선 성시경 발라드 GOAT 란 댓이 추천 천개나 박힘 ㅋㅋ
289,미스즈,근데 주변에 20~30대 초중에서 장범준 좋아하는 남자들이 특히 많긴 하더라. 그래서 젊은 남자 빠들이 많음. 물론 나는 무조건 성시경 압살이라고 생각
290,Hellbat,누구 콘서트 갈래? 하면 성시경.
291,재정학연습,난 성시경 세대를 겪어도 바로 장범준이라고 생각하면서 들어왔는데
292,까악태,그냥 나는 별 생각없이 성시경 노래가 더 좋음
293,클레이에이킨,와 시발 성시경이 이렇게 내려치기 당하네...성시경이랑 장범준 전성기 자체가 차이가 한 10년 15년이 나는데지금 음원사이트 이용하는 연령대를 생각해보면 당연히 지금 음원이 장범준이 잘 되는게 당연하지그냥 시대 차이인걸 뭔 성시경이 히트곡이 없다느니 시발 웃음벨이네성시경이 먹방이나 예능 때문에 올려치기 당하는게 아니고애초에 가수로 존나게 성공한 사람이니까 먹방이든 예능이든 성공하는거라는 생각은 못하냐성시경 2집이 2002년 음반판매 10위 안에 들텐데 무슨 연간 음원순위 성적 지랄하고테이프랑 CD랑 반반 팔리던 시절 가수를 음원순위로 내려치고있네그냥 나이 어려서 그 때 시절 모르면 입이라도 다물고 있자 아는척 좆문가 빙의하지말고
294,안지랑랩1등,성시경 장범준 둘다 좋아하는데개인적으로는 성시경 들어줄거 같다.장범준 노래는 좋은데 곡들이 비슷한 느낌이 많이 들어서굳이 뽑으면 성시경 뽑을듯작사 작곡은 또 장범준 이 잘하니깐누굴 뽑든 다 ㅇㅈ할듯 개취로 갈릴듯
295,이호성,"걍 대중성 : 장범준 승, 가창력 : 성시경 승, 팬덤 : 성시경 승.딱 이 정도로 정리되는거 같은데 비중치를 어디에 두냐에 따라 각자 생각이 다른건가?"
296,오호라민씨,흥행이든 작사작곡이든 장범준이 더 재능있는건 사실임. 나도 발라드를 좋아하지만 성시경은 그냥 발라드 계보를 이은거지 시대의 아이콘은 아님. 슈스케턱걸이로 올라가서 상위권 찍고 2012년 장범준이 접수했고 샴푸향할때도 다시 치고 나갔고. 성시경이랑은 기대치 자체가 다름.
297,부산큰손,애초에 성시경은 여자팬이 압도적이자너
298,지방,"진지 빨고 얘기하면 히트곡이나 가창력, 작곡 여부로 비교하는 건 그다지 의미가 없음결국 음악가를 평가하는 건 음반 단위의 퀄리티와 그 음반이 얼마 만큼의 영향력을 갖느냐임개인적으로 버스커버스커 1집이 아주 뛰어난 명반이라고도 생각하진 않지만 굉장히 잘 만들어진 이지 리스닝 음반이라고도 생각함파격적인 시도를 해서 새로운 장르를 열었다거나 해당 앨범이 장르의 선구자격인 것도 아니지만 엄청난 대중성을 갖는 것도 명반으로서의 자격이 있다고 생각함. 결국 이것들은 장르음악, 대중음악이라는 카테고리에 있기 때문에반면에 성시경이 그런 영향력을 가졌었나? 라고 생각하면 그 정도의 아티스트는 아니었다는 거지오히려 나는 성시경 노래를 훨씬 많이 듣고 좋아하지만 “음악가”로선 장범준이 몇 수 위라고 생각이 드네"
299,명왕성,공정한나라당 대체 어느세대길래 성시경이 임창정 조성모를 압도적으로 이김?
300,어웨이큰,난 성시경노래실력까지 포함해서 그냥 성시경은 발라드 황태자임장범준하면 벛꽃엔딩만 아는데 뭐가 그렇게 히트곡 많은건지도 모르겠고
301,나는푸르른,Yawah 막말로 성시경이 실험성있는 가수도 아니긴함 ㅋㅋ그럼 대중성으로 비교해야지
302,mag1xx,닥 장범준임  ㅇㅇ 보컬로는 성시경이 위맞는데 가수 전체적으로평가하면 장범준이 위다
303,한국,난 성시경
304,엣지러너,제발 그만 비벼 시경맘들 존나 선넘네
305,범디,애초에 성시경은 벚꽃엔딩급 히트곡이 아예 없을뿐더러 벚꽃엔딩 들고올 필요도 없음 성시경은 여수밤바다랑 샴푸 선에서도 다 정리됨
306,O#ㅁ,성시경이 음색 원툴로 아는 사람 은근 많던데 가창력으로 봐도 한국 김나박이급일듯ㅋㅋ
307,내가이러면어때,축구선수들끼리 비교할땐 엄근진 갑자기 철저하게 연구 & 분석하더니성시경 & 장범준 비교할땐 갑자기 라떼는 어땠네 저쨌네 이지랄 ㅋㅋㅋㅋㅋㅋㅋㅋ음원성적 개무시~해버리기
308,그아탱,음원 성적은 장범준순수 가창력은 성시경이라 생각
309,경로당트월킹머신,둘중에 누구 목소리를 가지고 싶냐고 물으면 성시경
310,포도),성시경 노래는 듣는걸 좋아하고 장범준 노래는 부르는걸 좋아함 ㅋㅋ성시경 노래는 세사람 종종 불렀던것같다장범준은 사말어사 홍대앞건대사이 등등 메가히트곡 말고도 ㅈㄴ 많긴함
311,올드트래퍼드,발라드 탑 성시경포크 탑 장범준꿀잠자러 ㄱ
312,아리스타,성시경 잘 모르지만 성시경이 나은 거 같음
313,푸하핫하,시발 아까와 또 정반대인 베댓은 또 모냐20대 후반이여서 그런가 성시경 내려치기 좆되네 진짜
314,가람.,장범준 성시경 수준 가수면 그냥 취향차이지.
315,손흥민의오른발,닥 성시경비교불가
316,AVTI,걍 장범중 승 성시경 자체가 원래 고점이 높은 가수가 아니었음.다들 알잖어 ㅋㅋ 미화 없이 딱 그냥 그 느낌 그 대로
317,동도로호동동,근데 성시경 군제대 이후로는 ost나 피쳐링 이외에 자기 앨범 히트곡 없는게 아쉽긴 함
318,아들러의심리학,축구로치면 장범준은 발롱수상자인 반면에 성시경은 발롱 한번도 수상 못해본 월클급 선수인데 비교가 되나?? 아무리 꾸준하다고 해도 고점이 다른데
319,닉넴에시쓰냐,발라드 가수 계보 얘기할때 보통 이문세 신승훈 조성모 성시경으로 넘어가지않나? 장범준 넣는건 첨임
320,피치잼,우리나라에서 가장 인기있는 장르=발라드보통 음원 점유율 50퍼대로 보고 통계마다 다르지만60퍼 찍는 자료들도 몇몇있음개인적으로는 성시경이 발라드 솔로의 계보를 잇는데에큰 역할을 한 인물이라는 생각이 들고장범준은 오디션에서의 이미지를 넘어선 아티스트로아이러니하게도 오디션프로그램의 아이콘적인 인물걍 둘이 시대가 다른 아티스트들이라고 생각함
321,팩트한잔,이건 걍 성시경 아님? 진지하게 성시경으로 도배될줄 알았는데
322,바이프로스트,자기들 재미나 해괴한 논리 때문에 성시경이나 장범준이나 이상한 평가가 쌓여가는거 같네 그냥 이런 비교 자체가 우문인데 참 안타깝다
323,아오복잡한이마음,장의 스타일이 독보적이고 그 독보적인 스타일에서 유일하게 성공 했고.버스커버스커 출신 장범준이 이 정도 독보적 스타일 유지할 줄 알았냐.그룹 멤버들 버리고 통수 (적절히) 치고도 살아남을 줄 알았냐.타고난 성시경. 어떻게든 지 혼자서 올라온 장범준.통수처도 인정할 수 밖에 없음. 장범준.
324,나주니롱,"각자의 기준에 따라 다른거지 뭐 ㅋㅋㅋ 가수로서 최고의 능력을 가창력으로 꼽는 사람이면 성시경을 비교적 높게 평가할 거고 작사, 작곡, 음반 퀄리티 등 음악인으로서의 전반적인 능력치로 따지면 당연히 장범준이 우위겠지. 뭐가 어찌됐건 둘 다 정말 좋은 가수인건 맞음."
325,탠지,성시경 세대인데 닥 장범준임 미래로보면 더벌어지지
326,코어,아 그래서 장범준 멜론 명반 딱지 있냐고 ㅋㅋㅋ성시경은 있다고 ㅋㅋㅋ
327,냄비뚜껑,"가창력 = 성시경 승, 대중성 = 장범준 승결론은 한참 전에 나온거 같은데 의미없는 걸로 물고뜯는거 개웃기네 ㅋㅋㅋㅋㅋ"
328,에메르송,성시경 희재 너의모든순간 넌 감동이었어 두사람 세사람 내게오는길 등등 ... 진짜 ㅈㄴ 좋다 ㅠㅠ 물론 장범준도 넘 좋은데 진짜 미안하지만 20대 후반부터 손에 잘 안가더라 20대였다면 닥 장범준이였을듯 근데 지금은 성시경임.. 그때 당시 평이 박했더라도..
329,토로너,공정한나라당 근데 오히려 그때 탑클래스 발라더들 지금 차트에 누구 있음?-> 이게 무슨 의미가 있음?그만큼 그 시대에 탑오브탑은 아니었다는 뜻인건데 그 때 성시경보다 위에있던 사람이 지금도 위에 있으면 저런 비교대상에 성시경 이름이 언급되는게 아니라 그 사람이 언급되겠지
330,산드로또날리,100년 후에도 벚꽃엔딩은 봄마다 들릴듯.성시경? 글쎄... 난 그런 그림이 안그려지네.
331,아르센아르센,장범준 승 ㅇㅈ인데성시경 노래들 너무 좋음잊혀지는 것들에 대하여 최애곡
332,제너럴92,성시경 노래 개인적으로는 ㄹㅇ 좋아함예전 곡들도 레전드급들 많은데선인장외워두세요아니면서차마
333,엠맥,아까 댓글 보니까 성시경빠들 김나박이까지 존나내려치더라시대차트2000년대 사랑의시 5위2010년대 어디에도 9위연간차트2004년 사랑의시 16위2007년 가슴아그만해 21위2014년 그대가분다11위2015년 그남잔말야 24위2016년 어디에도3위2018년 넘쳐흘러4위 마이웨이15위2019년 사계19위2020년 처음처럼14위메가히트곡만 이정도에 잠시만안녕 원러브같은 노래방 메가히트곡들도 있는데 성시경이 어떻게 비비냐00년대 10년대 연속 탑텐은 나얼(벌써일년 바람기억)이수(사랑의시 어디에도)밖에 없음성시경은 이수선에서 그냥 상대도 안됨
334,조선시대사람,거리에서 희재 넌 감동이었어 너의 모든 순간 내게 오는길 두사람 등등그냥 대충 생각해도 히트곡 많은디
335,선플러,가창력 성시경영향력 장범준끝
336,리버티프라임,난 성시경이 더 잘부른다고 봄내가 좋아하는 음색이라근데 세대에 걸쳐 장기적으로 남을 노래는 장범준이라 생각함
337,르2018,히트곡은 장범준인데 대표가수로 치면 성시경 아니냐? 가수로만 보면 성시경 같은데?
338,포웰레온,보컬 실력으로 따지면 닥 성시경이 맞지만 저 질문은 실력이 아니니까
339,모닝썬,음악인으로써의 능력은 장범준이 앞서고보컬로만 따지면 성시경이 압승이지
340,R.루카쿠,골키퍼vs수비수 누가 더 축구 잘하냐 묻는거처럼 비교되는 기준부터가 다른 가수를 비교하는거 같음개인적으로 장범준은 김동률 권정열 양다일 같은 선상에서 goat같고 성시경은 김나박이 바로 아래급인 느낌
341,냉정한사나이,실적이 장범준이 더 높은건 확실한데 ㅋㅋㅋ 나는 둘이합쳐서 한곡만 꼽으라면  거리에서 1초만에 뽑는다
342,살기좋앙,성시경노래는 듣고 지린적있는데 장범준노래는 그런적은 없었음 물론 좋은노래가 엄청많기도하고 여수밤바다로 대단한 현상도 만들었지만 나한테 성시경이 위인듯
343,라면국물,와 댓글봐 ㅋㅋ 나도 노래부르는 건 성시경이지만 가수로서의 성과는 장범준에 한표
344,@chelsea,가창력 성시경 승나머지 장범준 승
345,야채샐러드,난 성시경이라 생각했는데 장범준이 압승이구먼?
346,로제국밥,호나나나나나 장범준 4개성시경 0개... 가끔씩 듣기는 하는데 플리에는 없음
347,하위버뤼,장범준은 롤하다 안되서 실버판테온 써서 불러도 차트인 시키는데ㅋㅋㅋ발라더랑 싱어송라이터랑 붙이는건 오히려 성시경한테 너무하다고 생각함.성시경이 발라더로 goat건 아니건 간에 음악 업계에서 애초에 발라더보다 싱어송라이터가 더 상위리거라고 생각함.
348,function,"실력은 성시경, 작곡은 장범준 아닌가?"
349,생쥐나리콘,성시경이 뭔 국민가수라도 되는줄아는 친구들이 많네. 그냥 훈남 감미로운 발라더였어
350,옵시디언에너지,성시경은 기교나 감정표현이 탑급이긴 하지
351,만골드차이를역전,30대 중후반 틀딱인데 성시경 노래나.장범준 노래나 둘다 내 취향은 아니라 잘.안듣는데 지니 리스트 자동 재생 틀어놓고 성시경꺼 나오면 듣고 장범준꺼는  나오면 한곡 빼고는  걍 넘김특히 벚꽃연금이랑 여수밤낚시는 바로 넘김잠이 오질 않네요는 좋음
352,지금이행복한거임,장범준 음역대 ㅈ박았는데 당연히 성시경이지
353,CPFM,딱 현재에서 누가더윗급이냐 그러면난 성시경
354,고구마치즈케잌,멍청이바로너 거리에서 때 초딩이라 잘 모르긴 하는데 그 때 대박이지 않았음?? 마트가면 매일 그 노래 들렸던 거 같은데
355,hehehe0,난 둘 중 누구 콘서트 갈래? 하면 성시경 콘서트 갈듯
356,될놈,노래는 성시경 음원은 장범준
357,안녕클레오파,장범준 세대는 성시경이라고 하고 성시경 세대는 장범준이라고 하네
358,띨랑,제일 간단히 정리하자면 고점으로 보면 장범준이고 상위티어에서 롱런하는건 성시경인듯 개인적인 생각임
359,홀킹,나 알람도 장범준 해놓을정도로 매일 듣는데누구승 떠나사 성시경 ㅈㄴ 내려치는 댓글들 좀 어이없긴하다 ㅋㅋㅋㅋ
360,맨시티볼보이,객관적인건 모르겠고 누가 더 나은 가수인것도 모르겠지만 나는 그냥 느낌에 성시경이 더 가수 같은 느낌을 받음 ㅋㅋ 둘다 가수긴하지만
361,샤이릴리,성시경이냐 장범준이냐 나뉠순 있어도 무슨 성시경이 장범준에 비해 저 아래급 가수인양 말하는 애들이 있다는게 신기하네 ㅋㅋ
362,멈게는싯가,장범준이지 억울한시경이형은 앨범내서 증명할것.제발 부업좀 ㅠ
363,로악귀주거주거,난 당연히 성시경인줄알았는데 의외로 장범준픽이 더 많구나
364,로쏘,저 33살인데 성시경임 과거미화라니 실제로 데뷔때부터 무명시절이란게 없이 바로 1위 쩔었는데.... 가수로써 인기 하나만으로 발연기가지고 sbs메인드라마 주진모 신민아랑 같이 주연으로 나온 사람인데 저어릴때 장나라 성시경 ㅈㄴ 잘나갔는데
365,건슬링어,사람들이 되고 싶은 보컬은 성시경
366,연봉1억,성시경이랑 장범준은 알까 이렇게 토론하고 싸우고있다는걸
367,XTC-4,뭔 장범준이여; 장범준도 버스커버스커로 낸 음악들빼고는 개인음반은 거의 묻혔는데;성시경 8집 한번 묻혔나고 난리를 치네 애초에 정규8집 낸 가수랑 사이즈가 비교가되냐;
368,장도리,한시대를 풍미했던 발라드 가수이자 세계최고의 댄스가수 성시경을 장범준과 비교하다니
369,LV1고양이,댓글 읽어보니 납득 가는 내용도 많지만 난 개인적으로 처음부터 계속 성시경이라고 생각함.....그렇다고 장범준이 못하다는 게 아님 장범준도 빅히트 친 가수맞음 둘 다 고유의 음색이 있어서 누가 낫다 비교 하는 것 자체가 어불성설인 점도 있다고 봄 방금 든 생각인데 성시경은 아직 아날로그 감성이 남아있던 00년대에 활발히 활동했던 가수이고 장범준은 본격적인 스마트폰과 동시에 디지털시대로 급속히 바뀌어가던 10년대 초반부터 활동을 했던 가수잖아? 난 아날로그적인 느낌을 더 좋아하는 편이라 성시경에 손을 들어주고 싶음
370,Djxnxkdk,장범준이지 대중음악에 끼친 영향력하면 장범준을 이길가수 몇 없을텐데.. 성시경은 엔터테이너 느낌이고
371,적야,비교질은 둘째치고 성시경이 노래만 부를 줄 안다는건 너무 성시경 내려치기 아닌가본인앨범 직접 프로듀싱하기 시작했다고 한게 거리에서 앨범 때 부터인데 ㅋㅋ
372,Cupinn,성시경은 발라드 계보를 잇는 사람들 중 한명인데 장범준은 그 자체로 한 시대의 아이콘 중 한명임
373,Chorock2,근데 베댓에 00년생이후들이 성시경 고평가하는거는 성시경 활동 활발할때 성적을 직접 보지 못함 + 유튜브에서 성시경 노래 알고리즘 개많이 뜸 + 노래방 순위권 등등 여러가지 요인 합쳐진 것 같음 성시경 노래들 중에 당시 발매되었을 때는 별로 인기 없다가 지금 다시 많이 듣는 것들 많음킬링보이스 조회수나 아는형님 나와서 노래부른거 클립들만 봐도 성시경은 자기노래 안불러도 조회수 엄청난데 장범준은 예전 슈스케 시절이나 벛꽃엔딩 아니면 요즘에는 그닥 조회수가 높지는 않은거 보면 가수로서의 가창력(음색)은 성시경이 더 낫고 곡 작곡능력은 음반 성적 생각하면 장범준이 위인듯
374,재인재명재석,애초에 장범준은 발라더가 아니구만 성시경이랑 붙혀놔서 뭐함 ㅋㅋ음원실적으로만 평가하면 장범준 승이지
375,애쉬크로프트,둘다 내 최애 가수고 살면서 콘서트 가본적 없는데 딱 성시경 장범준만 가보고싶다 했는데 둘이 비교되고있으니 신기하네 ㅋㅋ
376,로맨스의왕,성시경 뿀은 사람들은 이유가  그냥 주관적인 것들밖에 없네. 객관적으로보면 비교하기 초라하니까
377,맥심화이트골드,가창력은 성시경이고 다른부분은 장범준이고
378,CMPunk,"대구은행 성시경 장범준 둘 다 안듣는데성시경 미소천사, 두사람 이라는 제목 생전 처음 들어봤음"
379,스테판커리30,성시경도 나름 킬링보이스 3700만찍는 인기가수인데ㅋㅋ이번앨범은 완전 망했지만 또 언제나처럼 OST하나 잘 뽑을텐데ㅋㅋㅋ
380,두뇌테스트,나도 가수 전체적인 평가로는 장범준이라고 봄.성시경은 예능 나오기 전이나 초엔 안 듣거나 싫어하는 사람도 꽤 많이 보였는데장범준은 1등도 많이 찍고 그냥 트랜드 였으니
381,감스트,XTC-4 히트곡으로 치면 성시경이 무조건 불리함. 벚꽃엔딩 여수밤바다 노래방에서 흔꽃샴 등등 vs 거리에서 넌 감동이었어 내게오는 길 희재 너의모든순간 등등 어떻게 이길려고..?
382,Diallo,XTC-4 그 당시에는 성시경자체가 대중적으로 인기가 많지도 않았고 노래도 따라부르기 힘들어서 당시에 매니아층말고는 노래인기도 오래가지도않고 금방 묻혔음
383,씹하남자,난 성시경
384,모로코멸치공익,보컬 능력은 성시경이 압살인데 그시절에 성시경이 한번도 압도적이었던적은 없어서 장범준 택할듯히트친 노래 세곡만 뽑아도 벚꽃엔딩 여수밤바다 흔들리는 꽃들속에서 네 샴푸향이 느껴진거야 바로 바로 메가 히트곡 떠오르는데성시경은 거리에서 빼곤 2곡 정하기도 애매한듯 내취향으로 골라야 내게오는길 너의모든순간 두사람 세곡중에 택할듯
385,비행,나이 먹으니까 성시경이더라
386,호호하하히헤,그냥 성시경을 윗등급 취급하면서 옛날가수를 자기는 알고있다는 노래지식 자랑할라고 성시경 뽑는거임 장범준은 현재진행형이라 어느급인지 누구나 잘알기때문에 자기 지식 자랑할려는애들이 성시경뽑음
387,스코어,버스커버스커 1집하나로 걍이기지 10년대 원탑으로 꼽혀도 손색없는데 성시경 현역때 파급력은 귀여운수준임
388,불낙지,딱 보고는 성시경이라고 생각했는데 좀더 생각해보니까 성시경이 노래는 진짜 잘하는데 딱히 뭐가 없네..좀 냉정히 말하면 비교불가수준
389,파티피플공명,포텐 두개 댓글수봐 ㅋㅋㅋㅋㅋ저쪽 포텐글서는 성시경 우위인데  여기서는 아닌데 장범준이 이래서 이기는데 하니까 또 여론 뒤집히고그냥 웃기네 ㅋㅋㅋ
390,BBRREE,콘서트 티켓파워는 성시경이 압살함
391,펩시중독자,가수로서 성시경아티스트로선 장범준이라고 생각함
392,건전한에펨닉네임,장범준은 노래를 잘한다는 느낌은 없는데 작곡 실력이 사기같음. 거기다 갈수록 더 좋아지는 느낌 ㅋㅋ 성시경이 보컬 실력으로는 압살인데 장범준은 나중에 좀 과장해서 김광석처럼 되어있을지도 모르겠음
393,헤이즐넛신,"장, 성 불타는 이유는 가수로 서로 비슷한급이라 그런거멜론 주간 1위 횟수  장범준 3주, 성시경2주콘서트 성시경 체조경기장(8~9천정도)에서 했었음, 장범준 핸드볼경기장(4-5천석정도)멜론 감상자수 400만명 이상 노래 성시경 7곡, 장범준4곡 장범준이 10년대 앨범마다 대히트를 쳤고 히트곡이 성시경보다 많다? 틀림성시경이 노래 더 잘부른다? 가창력은 지극히 주관적인 영역이라 듣는 대중들이 잘 들으면 그게 곧 가창력이라고 할수 있음 가창력 비교는 의미없다고 봄가창력비교 빼도 성시경과 장범준은 비슷한급"
394,티모소령(진),내 경험상활동시기가 다르니 시대로 비교하는건 좀 그렇고대신 장범준은 여자들보다 남자들이 좋아함그럼에도 장 > 성인 이유는장범준은 노래를 ㅈㄴ 잘뽑음히트곡도 ㅈㄴ많은데 + 본인 작가작곡도 ㅈㄴ많음성보다 노래 잘하는사람도 많고 단순 가창만 놓고보면이제 AI가 찜쪄먹음. 그림쟁이들 다 나락간거 보면 앎안그래도 죽은사람 예토전생 시켜서 노래부르게 하는데AI가 대체하기 힘든게 창작부분이라..성시경이 옛날가수라 잘 모른다고?이미 죽고 더 옛날가수인 김광석 노래는 엄청 잘 앎리메이크가 많이되서도 그렇지만 노래자체도 ㅈㄴ좋음
395,차은우.,"음원이 다가 아닌데 음원타령만 하지? 결국 가수는 공연 으로 돈을 벌고, 공연에서 성시경이 압살임."
396,컴셋,엠팍에서 물어보니까 당연히 반반이지 ㅋㅋㅋ성시경 코어팬들은 다 여자인데 ㅋㅋ
397,다듕바리,참 어디에 기준을 두느냐 그리고 취향에 따라 갈릴 요소가 많을듯 ㅇㅇ 개인적으로 가수로서는 성시경을 더 우위로 치고 싶지만 평생 한 가수의 노래만 들어야한다? 라면 장범준일 듯..
398,앵웅,성시경 굴욕급아닌가 01년 데뷔인데..
399,소러울,성시경이 남초 커뮤에서 반반만 가져가도 승리임 성시경은 여자팬들이 압도적일껄 ㅋㅋ 토이노래로 나왔지만 세사람만 봐도 ㅇㅇ
400,에로스,애초에 히트곡으로 따지면 장범준 씹압승보컬은 성시경 개씨발압승이지.가치를 어디에 두느냐에 따라 사람마다 평가가 다를듯
401,하와이리조트,난 성시경이 좋음딩고라이브에 안부른 노래로 한번더 나오면 좋겠음
402,지현유치원,장범준에 한표 성시경이 제일 고점 높았을때가 01~02인데 장범준 최고점이랑은 비교가 안됨
403,신동빈,성시경
404,미케블더,성시경 슈스케나오면 준우승할수있나 ㅋㅋ
405,뱃살만늘어나,난 둘이 비교되는 게 웃긴데성시경은 박효신 김동률 이런 애들이랑 비교해야지....
406,muatau91,펨코 특) 빅뱅 성시경 버즈 등등 자기들 세대 가수만 존나 올려치기함ㅋㅋㅋㅋ 현실은 히트곡 차트 앨범판매 등 객관적인 지표 장범준이 압도하쥬?ㅋㅋㅋ게다가 직접 작사작곡?? 이거 못막습니다 ㄷㄷㄷㄷ
407,기술보증기금,muatau91 성시경 우리세대라기엔 좀 윗대임ㅋㅋㅋㅋㅋ 슈스케 한참 보던 세대거나 그 아래라 오히려 장범준이가까움ㅋㅋㅋ
408,쿠키앤크림파이,"솔직하게 당연히 성시경이지 ㅋㅋ호날두 vs 홀란드 , 에픽하이 vs 비오 급임;"
409,쾡쾡쾡,성시경은 경화수월 쓰는 악당 아닌가
410,백수아다다,성시경 라이브에서 이윽고~~내가~만 들어도 쌀텐데
411,아이브,성시경 승
412,FM코리아,성시경
413,코키쿠쿠카,둘이 데뷔가 10년 정도 차이가 나는데 성시경은 이제 히트곡 안 나온다로 비교하기엔 좀  노래는 압도적으로 성시경이 잘 하고 히트곡으로 대결해도 성시경이 많이 밀리는거 아니지 않나
414,X-JAPAN,우리나라에 성시경보다 노래 잘하는사람 10명도 안될듯
415,얼린사이다,성시경이 노래는 진짜 잘하는데 뭐 역사시간처럼 대한민국 대중가요 시대별 대표하는 가수를 줄세운다치면 절대 못들어갈듯장범준은 무조건 들어가고
416,사노히나코,노래실력 음색  성시경 압승 장범준 기타 + 흐어어~~ 원툴
417,주식선생님,미소천사 이기면 장범준못이기면 성시경장범준도 댄스곡 하나내서 증명하자
418,kukutata,그냥 장범준이 인기는 더 많은거같긴한데 노래는 10번도 안들은거 같음;;근데 성시경 노래는 꽤나 많이 들음 가을~겨울에는 매년 즐겨들으니
419,시싯골,"2000년대 교복을 입었다면 성식이형이지 ㅋㅋㅋ신승훈과 이승환노래로 큰누님들 꼬셨다면 성식이로또래들 다 후림가능 ㅎㅎ 범준이가 돈을 더 많이벌고잘벌고 있다지만 후벼파기좋은건 성식이노래 ㅎㅎ국화꽃향기 , 선인장으로 3.5톤 윙바디만큼 채웠다"
420,코나테,장범준이 시대를 대표할 곡이 너무 많지둘중에 누구의 목소리를 갖고싶냐 하면 성시경이긴함
421,liljilli,이젠 성시경내려치기하고있네ㅅㅂㅋㅋㅋ
422,젖닌페미결혼함,효림이가 성시경 좋아하는데
423,백승수,내가 여자면 성시경근데 남자라서 장범준
424,자이게클릭이야,보컬이랑 싱어송라이터를 왜비교해 ㅋㅋㅋ 성시경 장점은 음색이고 장범준은 작곡인데
425,엔젤푸드,자이게클릭이야 성시경도 작곡 하는데 당장 본인 최고 히트곡이 자작곡임
426,고타마싯다르타,"성시경 vs 장범준 누가 먼저 언급한지는 모르겠지만, 성공했네 ㅋㅋㅋ"
427,하루하루,성시경 국밥 존나 맛있게먹음
428,찬란한불빛,성시경이 술 더 쎔 깝ㄴㄴ
429,하쿠토만나나,장범준은 임팩트는 더 말할것도 없고성시경은 예능과 음색으로 꾸준히 네임밸류 쌓은 느낌
430,안죽는다니까,히트곡은 성시경도 안꿀릴텐데?
431,잉포좀따서갚을게,확실한건 성시경이 장범준보다 술 더 잘 먹음
432,루이사오토메,장범준노래들을때마다 장송곡느낌나서 별로던데 ㅋㅋ 난 성시경
433,루디나,내가 표현하고 싶은 느낌의 끝 : 성시경내가 표현할 수 있는 노래의 끝 : 장범준
434,FPGA,장범준이 성시경에 비해서 노래를 못해서 그런 것도 있는듯..장범준은 노래스타일도 다 비슷해서 좀 질림.둘 콘서트 한다면 성시경 콘서트 갈듯..
435,문유현,기량을 떠나서 장범준이 킬링보이스 나오면 성시경의 킬링보이스 조회수 3800만 명은 못찍을거같음 ㅋㅋㅋㅋㅋ
436,이말방,난 전반적으로 성시경노래가 더좋음
437,양도윤,성시경 노래는 계속 들어도 장범준 노래는 안들음. 다 비슷해서. 그리고 장범준이 전성기로 체감이 높은건 예전보다 오디션이니 유튭 등 매체의 발달 영향도 ㅈㄴ 크다고 봄. 시절보정도 감안해야지.
438,모던강,아니 성시경 히트곡이 한두개가 아닌데;오히려 성시경을 내려치기 한거 같은데..
439,fishbone,https://theqoo.net/square/2257562413이거 위에 링크 달려서 봤는데성시경 최다 감상곡이 '크리스마스니까' 이거거든?이거 무슨 노래냐;; 첨 들어보는데
440,llowuqn,히트곡 고점이랑 개수도 있는데성시경은 대부분 윤종신 김형석한테 받아서 불렀고장범준은 본인이 거진 다 작사작곡했다는 데에서 차이가 매우 큼
441,세으르게이,"C3PO 성시경도 데뷔하자마자 신인상에 본상만 2개인가 3개인데 약팀에이스에 2,3선발이면 너무 후려치는거 아니냐 ㅋㅋ"
442,4613378,뒷세대라고 장범준을 너무 후려치네 ㅋㅋ둘이 동시대였으면 성시경 갖다대면 ㅈㄴ 쳐맞았을텐데
443,라이트한축구팬,4613378 장르적 차이가 좀 있긴해 축구로 따지면 장범준은 알베스 람 마르셀루같은 풀백 탑인데 성시경은 발라드쪽에선 이과인정도인데 레비 수지 벤제마 즐라탄같은 더한 괴물들이 있는거지ㅋ
444,radfkjas,성시경하고 장범준하고 가창력 차이가 너무 넘사고 장범준이 벚꽃연금이 있는데데뷔년도만 10년차이인데 정작 멜론에서도 성시경이 안 꿀리는데?애초에 같은시대도 아니고 영역도 다른데 끌고와서 줄세우기는 좀 너무한거 아닌가?  중학교시절 잭스키스 hot멤버 숫자도 모를만큼티비도 안보고 알못인데 나이가 많아 그런가성시경 미소천사 희재 넌 감동이었어 거리에서 차마 외 몇곡은 아는데 장범준은 벚꽃연금 밖에 모름 그냥 이건 세대차이도 있어서 애매한거같음
445,월월콧콧,성시경 저평가?ㅋㅋ 전 글 베댓 긁어와드려?
446,해냈구나구루자,성시경 이윽고 들으면 와시발 소리나오지만장범준 벚꽃엔딩 흔꽃샴 들어도 와시발소리까진 안나옴
447,최시은,노알못성시경 몇몇 노래 완전 듣기 좋음장범준 많은 노래 듣기 좋음
448,벨리사리우스,성시경이 그래도 스펙트럼이 넓지 않나? 댄스곡도 하고
