,content,sentiment,negative,neutral,positive,highlight
0,2000년생 이상 급식은 장범준90년대생이하는 성시경 나올듯.,neutral,0.00025547968,0.99944407,0.000300498,이상 급식은 장범준90년대생이하는 성시경 나올듯
1,비정상인 반대임ㅋㅋㅋㅋㅋㅋㅋㅋㅋㅋ,neutral,0.06712711,0.9320371,0.0008357702,비정상인 반대임ㅋㅋㅋㅋㅋㅋㅋㅋㅋㅋ
2,00년생은 성시경 80년생은 장범준인 분위기였음ㅋㅋㅋㅋㅋㅋㅋㅋ.,neutral,0.00028797664,0.9995009,0.00021110715,00년생은 성시경 80년생은 장범준인 분위기였음ㅋㅋㅋㅋㅋㅋㅋㅋ
3,비정상인 성시경 전성기를 모르니까 풍문으로 들은 애들이 더 고평가엠팍은 나이대가 높아서 직접 봤기 때문에 더 냉정하게 평가하는 경향이 있는 듯 엠팍은 장범준이 이기고펨코는 성시경이 이김.,neutral,0.0013640955,0.9837172,0.014918712,더 냉정하게 평가하는 경향이 있는 듯 엠팍은 장범준이 이기고펨코는 성시경이 이김
4,델카이저 근데 장범준이 20년대 goat도 아니잖아 ;,neutral,0.012919335,0.983745,0.003335657,장범준이 20년대 goat도 아니잖아 
5,"가창력은 성시경이 우위고,히트곡은 장범준이 우위고..근데 또 20년간 술담배 다 하면서 길게 활동하는거보면 성시경이 더 나은 가수같지만,그 많은 임팩트있는 곡을 썼다는걸 생각하면 또 장범준...원베일리 상업성 고려하면 장범준이 맞겠네..",positive,0.0009200021,0.10734377,0.8917362,원베일리 상업성 고려하면 장범준이 맞겠네
6,원베일리 장범준은 20년대가 아니라 10년대지어떻게 장범준 커리어 얘기하는데 20년대를 끌고옴....원베일리 ? 장범준은 10년대에 껴야지 ㅋㅋ.,neutral,0.0025697052,0.9947614,0.0026688378,원베일리 
7,벚꽃엔딩은 10년대 대한민국에서 가장 히트곡이라고 할 수있는데.래드키 나이대 좀 있는 사람들한테 성시경은 음악성이나 가창력보다는 여자들한테 유독 인기 많은 가수 정도로 기억될 가능성이 있지,positive,0.00055556936,0.017598927,0.9818455,있는 사람들한테 성시경은 음악성이나 가창력보다는 여자들한테 유독 인기 많은 가수 정도로 기억될 가능성이 있지
8,솔직히 그 시절에 날고긴다하는 발라더들 시경이 형말고도 수두룩 빽빽이라ㅋㅋㅋㅋㅋ,neutral,0.026661312,0.971972,0.0013666765,발라더들 시경이 형말고도 수두룩 빽빽이라
9,그리고 오히려 장범준이 약간 독보적인 부분이 있어서 나름 고평가 가능함.,positive,0.00062364625,0.002317603,0.99705875,부분이 있어서 나름 고평가 가능함
10,래드키 막말로 성시경 대표곡 뭐냐고 물어보면 모르는 애들이 태반일 듯.,negative,0.993486,0.0058837757,0.000630319,래드키 막말로 성시경 대표곡 뭐냐고 물어보면 모르는 애들이 태반일 듯
11, 89년생 내 기준으로도 장범준이 앞선다고 봄.래드키 진짜 본문 짤방에서 언급했듯이 이승철 vs 임창정이랑 비슷함..,neutral,0.0011042737,0.99720407,0.0016917113,본문 짤방에서 언급했듯이 이승철 vs 임창정이랑 비슷함
12," 이승철, 성시경 쪽이 뭔가 아티스트, 대가 이미지가 있는데 정작 작사 작곡은 임창정, 장범준이 더 많고 차트 순위 같은 기록도 더 좋음.. 이승철 전성기 때 경험한 사람은 냉정하게 평가하는데 그냥 풍문으로 들은 사람이 이승철을 엄청난 대가인 줄 아는 것도 비슷...래드키 성시경 이전에 발라드 가수 계보가 있음",positive,0.0011514612,0.10194158,0.8969069,차트 순위 같은 기록도 더 좋음
13,성시경은 거기에 끼는 사람인거고장범준은 포크와 싱어송라이터 부문에서 독보적임,positive,0.0004690171,0.0059297155,0.99360126,성시경은 거기에 끼는 사람인거고장범준은 포크와 싱어송라이터 부문에서 독보적임
14,가창력 자체는 성시경이 앞서지만벚꽃엔딩과 여수밤바다 두 곡만으로도 엥간한 가수들 이길 수 있음.,positive,0.0006617987,0.0010690653,0.9982691,엥간한 가수들 이길 수 있음
15,Kaka#22.,neutral,0.00024982076,0.99960583,0.00014447008,Kaka#22
16, 유투브랑 가수위상이랑 도대체 뭔 상관관계가 있다는거그리고 앨범 많이 내면 우위인가?,neutral,0.10071641,0.897555,0.0017286021,앨범 많이 내면 우위인가
17,성공한 음원 노래가 장범준이 우위인데.Kaka,neutral,0.0004251604,0.9924326,0.0071421755,성공한 음원 노래가 장범준이 우위인데
18,#22.,neutral,0.00034146316,0.9994809,0.00017765647,#22
19, 콘서트는 단순 팬덤크기 비교자너관객동원력 얘기하는데 음원성적이 더 대중성을 뜻하는 지표 아닐까싶음,neutral,0.0007981107,0.99628323,0.0029186548,콘서트는 단순 팬덤크기 비교자너관객동원력 얘기하는데 음원성적이 더 대중성을 뜻하는 지표 아닐까
20,단순히 노래로만 돈번걸로치면 난 장범준이 한참더 벌었을거 같은데.,neutral,0.00092262996,0.9885833,0.010494085,단순히 노래로만 돈번걸로치면 난 장범준이 한참더 벌었을거 같은데
21,Kaka#22.,neutral,0.00024982076,0.99960583,0.00014447008,Kaka#22
22, 잉 장범준도 버스커 합치면 정규만 5개임 유투브로 따져도 장범준도 구독자가 100만 가까이 됨,neutral,0.0011402289,0.95648915,0.042370636,장범준도 구독자가 100만 가까이 됨
23, 심지어 유툽에서는 음악관련 콘텐츠만 함.,neutral,0.00037073504,0.99907684,0.00055232615,심지어 
24,Kaka#22.,neutral,0.00024982076,0.99960583,0.00014447008,Kaka#22
25, 음색이 독보적일뿐 그정도 음악성 가진 발라더는 널리고 널렸음.,positive,0.0006933984,0.0018868261,0.99741983,발라더는 널리고 널렸음
26, 반면 포크에서 장범준 정도 음악성을 지닌 사람은 오버에선 없음.,neutral,0.0039492273,0.99390244,0.0021483004,사람은 오버에선 없음
27," 애초에 비교불가, 장범준이 넘사임.",negative,0.9918738,0.007511214,0.00061491993,장범준이 넘사임
28,[Felix] 보컬실력으로만보면 압도적으로 성시경인데 가수로보면 장범준.,positive,0.0004374542,0.0026348124,0.9969278,보컬실력으로만보면 압도적으로 성시경인데 가수로보면 장범준
29,솔직히 아까 성시경이 많아서 놀랬음,neutral,0.0009471859,0.99680555,0.0022472967,솔직히 아까 성시경이 많아서 
30,장범준이 그렇게 저평가될 가수는 아닌데 ㅋㅋㅋ.,neutral,0.0015831344,0.99124897,0.0071677784,장범준이 그렇게 저평가될 가수는 아닌데 
31,라울과알레 과장 좀 보태서 90년대 후반생인 나에겐 장범준이 우리세대의 김광석임.,neutral,0.0005951107,0.99676275,0.0026421268,라울과알레 과장 좀 보태서 90년대 후반생인 나에겐 장범준이 우리세대의 김광석임
32,원웨이브 과장보태서가아니라 걍 우리세대 김광석이 장범준 맞음,neutral,0.0011991973,0.993435,0.0053657615,우리세대 김광석이 장범준 맞음
33, 지금 20 30대 남자들 장범준 노래들으면서 감정이입 안된사람 단 한명도 없다고 자부함.,positive,0.0007907876,0.02128705,0.9779221,사람 단 한명도 없다고 자부함
34,라울과알레 성시경 많은건 둘째치고 장범준이랑 비교하는거 자체가 말이 안된다는 사람들 많았던게 의외였음.,neutral,0.0017069208,0.99710625,0.0011868214,둘째치고 장범준이랑 비교하는거 자체가 말이 안된다는 사람들 많았던게 의외였음
35,라울과알레 노래실력을 대결하는거?,neutral,0.0018396395,0.9975993,0.0005610321,라울과알레 노래실력을 대결하는거
36, 아니면 히트곡 누가 많냐의 대결?,neutral,0.00341187,0.9957495,0.0008385998,히트곡 누가 많냐의 대결
37, 기준이 뭐냐?,neutral,0.0089761615,0.9908539,0.00016981679,기준이 뭐냐
38, 성시경이랑 장범준 붙여놓고 투기장 여는게 이상하네.,negative,0.9990484,0.00065260637,0.0002989804,성시경이랑 장범준 붙여놓고 투기장 여는게 이상하네
39,[전문가] 노래실력도 히트곡 숫자도 성시경이 위인데제일 히트한 곡이 장범준이 위인거지.9.3.0521 히트곡수는 장범준이 훨씬더많음.,neutral,0.00087411574,0.965207,0.033918887,제일 히트한 곡이 장범준이 위인거지
40,의외로 가요계 황금기시절에 성시경 차트 1등 별로못해봄.,negative,0.992239,0.002647244,0.0051137544,가요계 황금기시절에 성시경 차트 1등 별로못해봄
41,라울과알레 장범준 저평가가 아니라 성시경을 이긴다 하니까 어이가 없지.,negative,0.9986358,0.0007528481,0.00061130465,성시경을 이긴다 하니까 어이가 없지
42,라울과알레 장범준이 가수 goat는 아닌데 벚꽃엔딩 버스커버스커 1집은 한국 대중음반계 goat 반열이지.,neutral,0.0007700943,0.99654144,0.002688461,라울과알레 장범준이 가수 goat는 아닌데 벚꽃엔딩 버스커버스커 1집은 한국 대중음반계 goat 반열이지
43,델카이저 멜론하트로 따지기엔 활발하게 활동한년도가다름아예 비교삼을만한 지표자체가 안되지수많은 옛날명곡들 << 벚꽃엔딩은 아니니까.,neutral,0.0072767893,0.9780904,0.014632725,수많은 옛날명곡들 << 벚꽃엔딩은 아니니까
44,에펨자료받으러 거리에서도 제법 떴지만 벚꽃엔딩에는 못 비빔.,neutral,0.015273526,0.9819509,0.0027755974,벚꽃엔딩에는 못 비빔
45,성시경 마지막 앨범 히트곡이 언제냐?,neutral,0.0008653073,0.9975393,0.0015954021,성시경 마지막 앨범 히트곡이 언제냐
46, 작년에 앨범 새로 냈다가 그냥 소리소문없이 묻혔고 롱런한다는것도 예전 노래빨에 연예인으로 롱런하는거지,positive,0.0018597501,0.0018970163,0.99624324,예전 노래빨에 연예인으로 롱런하는거지
47, 가수로 롱런하는게 아닌데장범준 당장 앨범낸다면 일단 무조건 실시간 최상위는 다 들어갈걸?,neutral,0.0080127735,0.98062825,0.011358883,실시간 최상위는 다 들어갈걸
48,가수로 보면 고점으로 상대도 안되고 롱런으로도 엄청 차이나는것도 아님 장범준은 현재 진행형이니까.,neutral,0.0019519542,0.99593014,0.0021179575,가수로 보면 고점으로 상대도 안되고 
49,티아고메시 아니 글을 못읽냐,neutral,0.11826775,0.85998935,0.021742905,티아고메시 아니 
50, 성시경은 예전에 그 전성기가 끝났다는거고 장범준은 지속중이라말을 한거자나,neutral,0.0013274436,0.96507716,0.033595424,성시경은 예전에 그 전성기가 끝났다는거고 장범준은 지속중이라말을 한거자나
51, 내가 최근 앨범 더 팔았으니 장범준 윈이랬냐 그 가수 롱런도르도 장범준이 전성기가 끝나봐야 비교가능하다는거지.,neutral,0.0048208786,0.93229246,0.06288672,내가 최근 앨범 더 팔았으니 장범준 윈이랬냐 그 가수 롱런도르도 장범준이 전성기가 끝나봐야 비교가능하다는거지
52,무협초보 히트곡으로만 따지면 장범준 >>> 임재범인데 가수들 100 명 모아두고 임재범과 장범준 중에 누가 더 뛰어난 가수냐고 물어보면 100 명 중에 90 명은 임재범 뽑는다에 손모가지 검 ㅋㅋㅋㅋㅋㅋ.,neutral,0.0053130346,0.9889932,0.0056936815,임재범 뽑는다에 손모가지 검 
53,무협초보 ㄹㅇ,neutral,0.0073987744,0.99201804,0.00058312307,무협초보 
54," 당장 장범준은 20년도에 싱글로 낸 '잠이 오질 않네요'만 해도 1년도 채 안 되어서 가온차트 기준 1억 스트리밍 달성했는데.무협초보 2014년 08월 19일 '장범준 1집'이 발표되었고, 장범준은 본인이 처음 프로듀싱한 앨범을 대중에게 선보이게 된다.",neutral,0.0013671031,0.9116365,0.08699636,장범준은 본인이 처음 프로듀싱한 앨범을 대중에게 선보이게 된다
55, 그러나 버스커 버스커 앨범과는 다른 실험적이고 마이너한 감성이었던 1집은 대중들에게 큰 어필을 하지 못했다.,negative,0.9971873,0.002453093,0.00035957946,대중들에게 큰 어필을 하지 못했다
56,"03월 25일 '장범준 2집'이 발매되었고, 1집보다 나은 성적을 거두게 된다.",positive,0.00069816934,0.000831344,0.9984705,나은 성적을 거두게 된다
57,"2016년 12월 07일, 정규 앨범만 내던 장범준은 처음 싱글 음원을 발매하게 된다.",neutral,0.0001054372,0.9996866,0.00020791565,정규 앨범만 내던 장범준은 처음 싱글 음원을 발매하게 된다
58, 2017년 05월 15일 군 입대를 앞두고 마지막으로 낸 음원이었지만 장범준 스스로 '가장 안 유명한 노래'라고 말할 정도로 상업적으로 가장 부진하였다.,negative,0.9986802,0.00074030116,0.00057948934,말할 정도로 상업적으로 가장 부진하였다
59,이런 애들은 장범준 앨범도 꽤 망한 게 많은데 모르나보네ㅋㅋㅋ,negative,0.99887663,0.000645977,0.00047733923,이런 애들은 장범준 앨범도 꽤 망한 게 많은데 
60,가수는 무엇보다 노래가 좋아야뜨는거고 장범준도 다음 앨범 내봐야 아는거임.,neutral,0.0009751257,0.9953921,0.0036328207,가수는 무엇보다 노래가 좋아야뜨는거고 장범준도 다음 앨범 내봐야 아는거임
61,무협초보 장범준도 성시경처럼 오래되었을때도 앨범에 1등 못할텐데.,negative,0.94834185,0.04351429,0.008143877,앨범에 1등 못할텐데
62,나한테 장범준은 따라부르기 좋은 노래 많이 내주는 가수.,positive,0.00047314077,0.0011136389,0.9984132,좋은 노래 많이 내주는 가수
63, 슈스케로 대박낸 원히터가수 정도로 생각했는데 평가가 많이 높았네.,positive,0.0010557545,0.0005586944,0.99838555,평가가 많이 높았네
64,허밋 히트곡도 장범준이 딱히 안밀림.,negative,0.98848045,0.0103558125,0.0011637347,허밋 히트곡도 장범준이 딱히 안밀림
65,아티스트로 비교하면 작사작곡을 거의 안하는 성시경보다 장범준이 위라고 생각함.,neutral,0.0009193821,0.9926743,0.0064063845,안하는 성시경보다 장범준이 위라고 생각함
66, 작사작곡을 안하는데 어케 더 위라고 처줄 수 있는지 모르겠음..섹보스지스털섹 공감 ㅋㅋ,negative,0.99714977,0.0022102043,0.00063998497,섹보스지스털섹 공감 
67, 걍 장범준은 진짜 천재같은데.,positive,0.001306177,0.001789821,0.99690396,장범준은 진짜 천재같은데
68,섹보스지스털섹 너의 모든 순간처럼 성시경이 작곡한 노래도 꽤 있음장범준이 위인 거랑 별개로 성시경이 작사 작곡 안 한다는 건 오해임.,negative,0.9865063,0.012703325,0.000790439,있음장범준이 위인 거랑 별개로 성시경이 작사 작곡 안 한다는 건 오해임
69,"가수로서 노래를 더 잘하니 성시경이 더 위라 생각함작사 작곡 능력 따지는 애들은 그럼 가수로서 장범준>이문세라고 할 건가배우한테는 대본 쓰고 감독 본다고 더 좋은 배우라고 안하면서 왜 같은 표현하는 직업인 가수한테는 작사 작곡 능력이 있으면 더 좋은 가수라고 하는 건지 잘 모르겠음아티스트, 창작자로는 장범준이 위지만 가수로는 성시경이 위지.우야노내쥬지 90년대생이고 장범준 뜰 때가 10대후반이었음",neutral,0.0027051491,0.99554574,0.0017490217,창작자로는 장범준이 위지만 가수로는 성시경이 위지
70,장범준의 성공을 목도했음에도 나는 성시경이 더 위라고 생각함베스트셀러는 장범준인데스테디셀러는 성시경.,positive,0.00063939305,0.03277222,0.9665884,장범준의 성공을 목도했음에도 나는 성시경이 더 위라고 생각함베스트셀러는 장범준인데스테디셀러는 성시경
71,2월30일 벚꽃엔딩 여수밤바다 스테디셀러.influxDB,neutral,0.0005213931,0.9988605,0.00061816926,2월30일 벚꽃엔딩 여수밤바다 스테디셀러
72, 난 당연히 임창정같은데?,neutral,0.0007888879,0.9986583,0.0005528013,난 당연히 임창정같은데
73,지금 성시경하고 장범준비교하는게 뭐 가창력을 논하는게아니라 가수로써 실적을 이야기하는거아님?,negative,0.96105874,0.038257264,0.0006839149,성시경하고 장범준비교하는게 뭐 가창력을 논하는게아니라 가수로써 실적을 이야기하는거아님
74, 고점이나 꾸준함모두 임창정이 위지 .,neutral,0.0009861855,0.98234504,0.016668757,고점이나 꾸준함모두 임창정이 위지 
75, 고점은 솔직히 초딩때라모르겟고 꾸준함으로치면 임창정압살인것같은데.,neutral,0.14637323,0.8481761,0.005450706,임창정압살인것같은데
76,성시경은 오히려 최근에 좀 다시 뜬 경향이 있는 거 같은데우리 제법 잘어울려요,positive,0.00070275494,0.000759521,0.9985378,우리 제법 잘어울려요
77,나 거리에서 때가 전성기였던 거 같고 그 이후로 막 언급이 많이 됐던 적은 별로 없던 거 같은데근데 최근에 좀 활동을 많이 해서 그런가 재조명 받고 인기가 다시 올라간 느낌. 근 10여년 간 중에 지금이 성시경이 제일 인기 많고 언급 많이 되는거 같음,positive,0.00044344304,0.0018128133,0.9977437,전성기였던 거 같고 
78,솔직히 가수 비교해서 줄세우는게 뭔 의미인가 싶긴 한데 대중적 영향력은 장범준이 더 위인 느낌이긴 함.,neutral,0.014041572,0.9353544,0.050604068,대중적 영향력은 장범준이 더 위인 느낌이긴 함
79,나는 성시경 스타일이 더 좋음장범준 노래는 뭔가 발랄한 노래밖에 없는거같음.,positive,0.00040799569,0.0027816626,0.9968104,나는 성시경 스타일이 더 좋음장범준 노래는 뭔가 발랄한 노래밖에 없는거같음
80,성시경을 몰라서 장범준을 높게친다는건 솔직히 말도안되는게...,negative,0.99569017,0.0035105378,0.0007993307,솔직히 말도안되는게
81, 성시경은 당대도 평정못했음,negative,0.997938,0.0013821165,0.00067989714,성시경은 당대도 평정못했음
82,글쓴분이 댓글에 쓴것처럼 다 겪은사람들이면 장범준 뽑을듯.,neutral,0.004362595,0.99393636,0.0017011691,다 겪은사람들이면 장범준 뽑을듯
83, 근데 발라드 좋아하고 성시경 좋아하는 사람들은 성시경픽 해도 이상할건 없는 부분이기도 함..,neutral,0.0005746859,0.99001384,0.0094115585,없는 부분이기도 함
84,노하라히로시 10년대 1위곡이 벚꽃엔딩임 이 정도면 평정맞지.,positive,0.0061338358,0.034749746,0.95911646,이 정도면 평정맞지
85,노하라히로시 벚꽃엔딩이면 평정이지.,negative,0.97894555,0.018140007,0.0029144345,노하라히로시 벚꽃엔딩이면 평정이지
86,노하라히로시 버스커 1집은 시대를 평정했다고 볼만 하지 ㅋㅋ,neutral,0.006231708,0.98919094,0.0045773606,노하라히로시 버스커 1집은 시대를 평정했다고 
87, 2012년 앨범인디 지금까지도 회자되고 봄만되면 차트인하는게 벚꽃엔딩 여수밤바다임.,neutral,0.00013548075,0.9989992,0.0008653102,차트인하는게 벚꽃엔딩 여수밤바다임
88, 당장 지금 지나가는 사람들한테 봄 하면 생각나는 노래하면 열에 아홉은 벚꽃엔딩 얘기할걸?,neutral,0.011316533,0.9858386,0.0028448293,생각나는 노래하면 열에 아홉은 벚꽃엔딩 얘기할걸
89, 딴건 몰라도 버스커 1집은 2010년대 평정한거 맞음.,neutral,0.00080656464,0.98359644,0.015596929,평정한거 맞음
90,뭐 제패의 기준이 꾸준히 앨범내서 성공한거라면 그럴수있지만.. 버스커 2집도 대박났고 장범준 1집 제외 앨범 다 성공함.,positive,0.0008179995,0.00067012454,0.99851185,제외 앨범 다 성공함
91, 특히 솔로 이후에 디지털 싱글도 죄다 대박쳤는데 ㅋㅋ,positive,0.00064872584,0.00047167105,0.9988796,특히 솔로 이후에 디지털 싱글도 죄다 대박쳤는데 
92, 회상 흔꽃샴 잠이오질않네요,negative,0.96817905,0.030864045,0.00095692615,회상 흔꽃샴 잠이오질않네요
93, 등등..,neutral,0.000461753,0.99916065,0.0003776356,등등
94,성시경이 장범준 아래라는건 의견갈린다쳐도 장범준이 2010년대 제패못한다는건 전혀 동의못함.,negative,0.9955603,0.0036682638,0.00077138946,동의못함
95,발라드원탑은 다른가수인데 장범준은 걍 장르가 장범준이라 독보적임.,positive,0.0005563989,0.00083578716,0.9986078,장범준은 걍 장르가 장범준이라 독보적임
96,장범준은 작곡도 하잖아.,neutral,0.00055503356,0.9984914,0.0009534911,장범준은 작곡도 하잖아
97,그냥 성시경 음색이 개사기 아닌가,positive,0.0043275557,0.016265236,0.9794072,성시경 음색이 개사기 아닌가
98, 가수로서 좀 체급차이가 있다고 생각했는데 장범준이 그정도야?.,neutral,0.0035541153,0.9954796,0.00096628873,가수로서 좀 체급차이가 있다고 
99,그럼 조용필 나훈아도 최근 히트곡 없으니 장범준 승이라고 하지 왜ㅋㅋ.,neutral,0.0031118244,0.9935783,0.0033097519,조용필 나훈아도 최근 히트곡 없으니 장범준 승이라고 하지 왜
100,둘 다 좋긴한데 니들 장범준 노래 지금까지 듣는거 있음??.,positive,0.0038880243,0.01057374,0.98553824,둘 다 좋긴한데 
101,성게전복죽 장범준 노래들 스밍 동접이 성시경 압살함;대표곡 5개만 들어가봐도.,neutral,0.001018581,0.996095,0.0028863656,성게전복죽 장범준 노래들 스밍 동접이 성시경 압살함
102,그냥 가수 급 따지기는 콘서트 규모로 보는게 제일 편함장범준 최근 - 핸드볼경기장(5천석)성시경 최근 - 장충체육관(4000석)장범준이 조금 더 급이 높긴한데 성시경은 콘서트를 자주 하고 고점이 높아서 솔직히 비슷한 급이라 생각함.,neutral,0.00083812524,0.99654984,0.0026119752,가수 급 따지기는 콘서트 규모로 보는게 제일 편함장범준 최근 
103,노하라히로시 장범준이 이름값 밀리는건 성시경은 예능같은 티비 출연이 많고 장범준은 그런거는 아예 신경도 안쓰다시피 하는 것도 클듯.,neutral,0.0049959645,0.98668075,0.008323309,노하라히로시 장범준이 이름값 밀리는건 성시경은 예능같은 티비 출연이 많고 
104,술은 장범준이 분신술쓰고와도 성시경한텐 안된다.,negative,0.99513763,0.004394001,0.00046829935,성시경한텐 안된다
105, 장르바꿔서 한판 뜨던가.,neutral,0.0036308758,0.9960074,0.0003617605,장르바꿔서 한판 뜨던가
106,장범준도 좋긴한데 개취로 좀 자가복제 느낌임 ㅋ,negative,0.99608934,0.0028295803,0.0010811441,장범준도 좋긴한데 
107,성시경 노래 훨씬 좋아함.,positive,0.0005757168,0.0012065694,0.99821764,성시경 노래 훨씬 좋아함
108,스넬 장범준은 곡의 95%가 자작곡이고 성시경은 그 반대니까 당연함.,neutral,0.00077463425,0.9970763,0.0021491654,성시경은 그 반대니까 당연함
109,"현재 위상은 종합적으로 봤을때 성시경의 근소 우위지만 3-4년만 더 지나도 뒤집힌다고 봄장범준은 음원, 앨범 냇다하면 바로 탑10급이니성시경도 뭐 ost 같은건 곡 잘받으면 차트인 할수있겠지만 정규앨범에서 이제는 매니아밖에 남지않았다고 봄음악성으로 봐도 장범준이 꿀릴건 없지",positive,0.0010643777,0.031894702,0.9670409,장범준이 꿀릴건 없지
110,스스로 작사작곡하는 싱어송라이터랑 곡 받아서 부르는 보컬이랑은..,neutral,0.0004424094,0.9986841,0.0008734705,부르는 보컬이랑은
111,물론 성시경은 그 보컬중에서도 독보적인 음색을 지닌 유니크한 발라더니까 위상이 버텨주는거지.,positive,0.0005051781,0.002367361,0.9971275,위상이 버텨주는거지
112,걍 취향이지 우위가어딧냐 시발 ㅋㅋ,negative,0.9918494,0.007695303,0.0004553222,취향이지 우위가어딧냐 시발 
113,난 장범준.,neutral,0.00052115385,0.99878114,0.00069773546,난 장범준
114,뭔 헛소리임.,negative,0.9991635,0.0006399736,0.0001964892,뭔 헛소리임
115, 이적 vs 성시경 같은 소리하고 있네.,neutral,0.04304198,0.9549645,0.0019935137,성시경 같은 소리하고 있네
116, 장범준이 싱어송라이터로서 뛰어날진 몰라도 가수로서는 성시경이 몇 티어 위지..가수 평가요소에 가창력은 왜 빼는 지 모르겠음ㅋㅋ,neutral,0.004097547,0.9866122,0.009290265,장범준이 싱어송라이터로서 뛰어날진 몰라도 가수로서는 성시경이 몇 티어 위지
117,작사작곡만 볼거면 작곡가해야지,neutral,0.008907167,0.98769253,0.003400282,작곡가해야지
118,애초에 장범준은 다른사람한테 곡을 못 받음자기한테 맞춰서 노래를 기가맥히게 만드는거지.,negative,0.9924776,0.0061634053,0.0013590155,노래를 기가맥히게 만드는거지
119,성시경이 가창력이나 음색은 대단하지만 대중가수로서 진짜 이미지에 비해 시대를 지배하지는 못했음.,negative,0.95303065,0.038099345,0.008869981,시대를 지배하지는 못했음
120, 가창력 측면에서면 모를까 대중가수로서의 커리어를 물으신다면 지금은 몰라도 조금 더 시간이 지난다면 장범준이 성시경보다 더 음악적 결과물을 유의미하게 만들 것 같음..노하라히로시 장범준: 뭐야 나 왜죽여요.,negative,0.94864804,0.032799065,0.018552985,나 왜죽여요
121,내기준 범준이.,neutral,0.0005807117,0.99913555,0.00028376124,내기준 범준이
122,"성시경은 가창력 우위, 장범준은 직접 작사 작곡까지 가능..",positive,0.0004970929,0.003663951,0.995839,성시경은 가창력 우위
123,"당연히 성시경이라 생각했는데 댓글들 보고 생각해보니 장범준, 직접 노래 들으면야 성시경이 더 잘하겠지만 장범준은 진짜 신드롬이였어서......",positive,0.0007672458,0.0009227874,0.99830997,장범준은 진짜 신드롬이였어서
124,난 무조건 장범준이라 생각했는데 장범준 히트곡이 몇개야.,neutral,0.0007716435,0.9674754,0.031752914,난 무조건 장범준이라 생각했는데 
125,누가 더 우월하다 할 문제인가 ㅎ,negative,0.9142625,0.085050814,0.00068676454,누가 더 우월하다 할 문제인가 
126,난 음색은 성시경이 더 좋지만 곡 스타일은 장범준이 좋다~~~~.,positive,0.00069524045,0.00034579934,0.99895895,곡 스타일은 장범준이 좋다
127,보컬로써 가치는 성시경 압승그 이외에 노래를 직접 만든다는 점부터 뭐 그런건 장범준한테 명함 내미기도 민망하지.,negative,0.9942701,0.0029885673,0.0027413392,보컬로써 가치는 성시경 압승그 이외에 노래를 직접 만든다는 점부터 뭐 그런건 장범준한테 명함 내미기도 민망하지
128,본인 처음 가져본 테이프가 성시경 1집이었음,neutral,0.0007626749,0.99786407,0.0013733768,본인 처음 가져본 테이프가 성시경 1집이었음
129, 성시경은 아스날같은거임,neutral,0.0011623314,0.99793565,0.0009019298,성시경은 아스날같은거임
130, 꾸준히 상위권 장범준은 신드롬이었고.하우HOW 성시경도 작사작곡 많은데.. 근데 벚꽃엔딩이 넘쎄다.,positive,0.00093949965,0.008996423,0.9900641,꾸준히 상위권 장범준은 신드롬이었고
131,하우HOW 장범준 라이브랑 앨범 차이보면 음....지금은 성시경이 더 높을지라도 시간지나면 장범준이 넘어서긴할듯.,neutral,0.000724889,0.9955498,0.0037253625,하우HOW 장범준 라이브랑 앨범 차이보면 음
132,근데 나이때문인가 성시경노래를 몇개모름 거리에서랑 몇개 더..?,neutral,0.0015348282,0.9978217,0.00064351223,나이때문인가 성시경노래를 몇개모름 거리에서랑 몇개 더
133, 장범준노래는 많이알고.,neutral,0.00047611658,0.99774915,0.0017746898,장범준노래는 많이알고
134,"가수로서는 성시경, 뮤지션으로서는 장범준장범준 자가복제가 심하니 어쩌니 해도 벛꽃엔딩 임팩트가 너무 강함벛꽃엔딩은 단순히 히트곡이 아니라, 그냥 그 계절 그 감성 자체라.",negative,0.6815669,0.09849069,0.21994242,벛꽃엔딩 임팩트가 너무 강함벛꽃엔딩은 단순히 히트곡이 아니라
135,"장범준은 벚꽃엔딩, 여수밤바다, 흔꽃샴 이세개로 그냥 현세대에서는 음악성으로는 압도적인거같은데.",neutral,0.0011707306,0.9936094,0.0052198768,장범준은 벚꽃엔딩
136,냉정하게 장범준이 승이긴 하지.,neutral,0.0018577337,0.98961616,0.008526107,냉정하게 장범준이 승이긴 하지
137,이거 아까 듣자마자 성 했었는데 곱씹어볼수록 장범준 대단하네.,positive,0.0006373937,0.0019125157,0.99745005,곱씹어볼수록 장범준 대단하네
138,장범준이지.,neutral,0.00047060504,0.9987943,0.0007351696,장범준이지
139,난장범준.장범준 성시경이야 뭐 취향차이라고 쳐도장범준이 너무 무시 당하는 느낌은 있네,negative,0.99799985,0.0012865596,0.000713627,쳐도장범준이 너무 무시 당하는 느낌은 있네
140, 노래가 따라 부를만 해서 그런가?,neutral,0.0012950104,0.9980919,0.00061315176,노래가 따라 부를만 해서 그런가
141, 그래서 더 대단한건디.. 남들이 부르기 어렵고 고음 팍팍 내질러야 대단한 가수인건 아닌데 말야.,negative,0.9868281,0.010620354,0.0025516415,남들이 부르기 어렵고 고음 팍팍 내질러야 대단한 가수인건 아닌데 
142,학위좀주세요,neutral,0.005269816,0.99432003,0.000410096,학위좀주세요
143,제발 내는노래마다 잘되는가수 진짜 몇없고 그중에 장범준이 있는데 ㄹㅇㅋㅋ.,positive,0.00073606544,0.0052399617,0.994024,내는노래마다 잘되는가수 진짜 몇없고 
144,나도 무조건 장범준이라 생각했는데 여긴 성시경 여론이 점령해서 놀람난 장범준노래를 더 많이 들었음.,neutral,0.0012830707,0.96202415,0.03669286,성시경 여론이 점령해서 
145,노래 실력은 성시경이지만 자기 음역대나 목소리 컬러에 맞는 음악을 잘 뽑아내는 건 장범준임.,positive,0.00047678873,0.0010322437,0.9984909,자기 음역대나 목소리 컬러에 맞는 음악을 잘 뽑아내는 건 장범준임
146, 징범준에게 감사해라,neutral,0.005967227,0.9919978,0.0020349598,징범준에게 감사해라
147, 고음역대 노래 안만들고 쉽게 노래방에서 부를 수 있는 노래 만들어줘서.,positive,0.0013219998,0.0013951834,0.99728286,고음역대 노래 안만들고 
148,삼성이성규 장범준은 자기가 작곡하는데 ㅋㅋ.,neutral,0.00046256772,0.99894875,0.0005887067,삼성이성규 장범준은 자기가 작곡하는데 
149,장범준 작곡이 넘사벽이라 종합 점수로 더 높게 평가 받아야되는게 맞다고 생각하긴함.,positive,0.0011604993,0.19610013,0.8027394,장범준 작곡이 넘사벽이라 종합 점수로 더 높게 평가 받아야되는게 맞다고 
150, 가창력이랑은 별개로..성시경은 그냥 발라더고장범준은 장르를 개척한 개척자임.,neutral,0.001001178,0.99144053,0.007558286,발라더고장범준은 장르를 개척한 개척자임
151,장범준 2집때 성남에서 공연 본적있는데. 진짜 노래잘하더라..,positive,0.00045332278,0.00063720264,0.9989095,장범준 2집때 성남에서 공연 본적있는데
152,장범준 노래를 들으면 이야기 같은게 연상되는게 진짜 큰 힘인거 같음.,neutral,0.00067621336,0.9899144,0.009409357,이야기 같은게 연상되는게 진짜 큰 힘인거 같음
153,장범준은 작곡하잖아,neutral,0.00067186716,0.99830544,0.0010226625,장범준은 작곡하잖아
154,걍 비교 자체가 안되는데.,neutral,0.0022398292,0.9962142,0.0015460495,비교 자체가 안되는데
155,장범준은 지역 경제를 살렸음;;.,neutral,0.0024940013,0.9940507,0.0034553292,장범준은 지역 경제를 살렸음
156,무조건 성시경인데 이걸 장범준이 비빈다고?,neutral,0.00138495,0.99690175,0.0017133626,성시경인데 이걸 장범준이 비빈다고
157, 어이가없다.,negative,0.9993687,0.00032903312,0.0003021985,어이가없다
158,장범준 승인듯.,neutral,0.0011526662,0.9983789,0.00046848864,장범준 승인듯
159,가수로는 성시경이고 뮤지션으로서는 장범준 아닌가.,neutral,0.0005817625,0.9987919,0.0006263672,뮤지션으로서는 장범준 아닌가
160,나도 장범준.히트곡수는 성시경이고 고점은 장범준아닌가.,neutral,0.0009793919,0.997118,0.0019026389,히트곡수는 성시경이고 고점은 장범준아닌가
161,근데 일단 보컬실력면에선 성시경 아닌가?,neutral,0.0009954834,0.9977189,0.0012856278,보컬실력면에선 성시경 아닌가
162,장범준은 작곡실력은 인정하지만 음색이외에는딱히 보컬로는 뭐없는데.,positive,0.0006884544,0.0010993289,0.9982122,장범준은 작곡실력은 인정하지만 
163,난 장범준 순전히 내가 노래들은 횟수만 생각해도 장범준 노래가 2배는 될듯.,neutral,0.0010402793,0.9724534,0.026506266,난 장범준 순전히 내가 노래들은 횟수만 생각해도 장범준 노래가 2배는 될듯
164,가창력이라던지 이런건 성시경이 이길 수 있으나 활동 자체는 장범준이 쌔다고 봄.,positive,0.0004182514,0.005736201,0.9938455,활동 자체는 장범준이 쌔다고 
165,장범준은 천재임ㅇㅇ.,positive,0.000769784,0.0014006922,0.9978295,장범준은 천재임
166,"히든싱어 장범준 2라탈락 , 성시경 우승 .",neutral,0.0025908009,0.99451184,0.0028973273,성시경 우승 
167,   고로 성시경 승.,neutral,0.00094356446,0.9981918,0.000864638,고로 성시경 승
168,가창력만 따지면 당연히 성시경이겠지,neutral,0.00063623366,0.9960098,0.0033540062,가창력만 따지면 당연히 성시경이겠지
169, 근데 누가 더 좋은 아티스트고 가수냐 하면 닥 장범준 아닌가?,neutral,0.0055351853,0.9592205,0.035244387,닥 장범준 아닌가
170, 애초에 장범준 앨범이랑 싱글 커리어 따라오는 가수가 몇이나 된다고.,neutral,0.0011952807,0.9978339,0.0009707388,애초에 장범준 앨범이랑 싱글 커리어 따라오는 가수가 몇이나 된다고
171,누구 노래가 더?,neutral,0.0008809757,0.9988325,0.0002865101,누구 노래가 더
172, 그러면 벚꽃 히트가 많은?,neutral,0.10402192,0.8770949,0.018883135,벚꽃 히트가 많은
173, 그러면 성시경 아닌가.,neutral,0.00088258827,0.99859685,0.0005205491,그러면 성시경 아닌가
174, 근데 영향력은 벚꽃 이길 노래가 앞으로도 있을까 싶다..,neutral,0.0015026918,0.99531186,0.0031854124,노래가 앞으로도 있을까 
175,Lloyds 히트곡도 장범준이 못지 않은거같은데.,neutral,0.0006144065,0.9900248,0.009360753,히트곡도 장범준이 못지 않은거같은데
176,아까도 장범준 너무 내려치기 당한다고 댓글달았었는데닥 성시경이란 사람들 보면 걍 앞뒤다,negative,0.99732864,0.0023204035,0.0003509984,사람들 보면 걍 앞뒤다
177,짜르고 지생각만 맞다는 인간들이 많은듯그리고 성시경이 마녀사냥+유튭 으로 인지도 개올라가서 오히려 젊은세대가 장범준보다 성시경을 좋아하는게 느껴진다,negative,0.9972905,0.0012884632,0.0014210879,젊은세대가 장범준보다 성시경을 좋아하는게 느껴진다
178,"성시경 발라드가수로서 독자적인 입지,본인스타일,메가히트곡 다 인정하지만 막상 본인 가수하던 시절에 독보적인 느낌은 1도 없었음.",negative,0.9967019,0.00126765,0.0020304716,느낌은 1도 없었음
179,노래 실력은 성시경그 외 직곡이라던가 대중성은 장범준 아님?.,neutral,0.0006660595,0.99756795,0.001765963,노래 실력은 성시경그 외 직곡이라던가 대중성은 장범준 아님
180,이게 비교가되나 ㅋㅋㅋㅋ,neutral,0.10060026,0.89810413,0.0012955085,이게 비교가되나 
181,장범준은 진짜 한획을 그은 사람인데 성시경은 목소리 좋은 당시대 잘하는 가수 1 정도고.포계의업상입니다,positive,0.0004249554,0.0039935964,0.99558145,장범준은 진짜 한획을 그은 사람인데 성시경은 목소리 좋은 당시대 잘하는 가수 1 정도고
182, 신승훈 다음 계보가 성시경임국가대표 발라더하지만 장범준이 위라고 본다.,neutral,0.0001950794,0.9990295,0.0007754488,국가대표 발라더하지만 
183,아까 댓글보니 장범준 개좆으로 보는 댓글들도 많던데 ㅋㅋㅋㅋㅋ,negative,0.99912685,0.0005448444,0.0003284034,댓글보니 장범준 개좆으로 보는 댓글들도 많던데 
184,성시경도 대단하지만 장범준을 개좆으로 보는 댓글이 있다는게 존나 신기했음 ㅋㅋ.,negative,0.996527,0.002845947,0.0006270495,장범준을 개좆으로 보는 댓글이 있다는게 존나 신기했음 
185,dksmdjs 여수 먹여 살린 인간을 어찌 저평가를 ㄷㄷㄷ.,negative,0.9985238,0.0010672652,0.00040897788,인간을 어찌 저평가를 
186,"보컬만 따지면 성시경, 프로듀싱 능력까지 치면 장범준이라고 생각함.",neutral,0.00057642924,0.99055415,0.008869359,프로듀싱 능력까지 치면 장범준이라고 생각함
187,그냥 장범준 노래 뽑는 실력이 미쳤음,positive,0.0007894683,0.001109466,0.99810106,그냥 장범준 노래 뽑는 실력이 미쳤음
188, 난 엥간한 노래 다 좋더라.,positive,0.0020230217,0.00025342783,0.9977235,난 엥간한 노래 다 좋더라
189,"성시경이 가수로서의 자질 (음색, 가창력)이 엄청 뛰어나고 명곡도 많지만 장범준은 좀 더 대중적으로 히트하고 성공을 거둔 뮤지션이라..",positive,0.00052895024,0.00049995113,0.9989711,더 대중적으로 히트하고 성공을 거둔 뮤지션이라
190, vs의 기준이 정확히 가수의 자질이냐 아님 그냥 연예인으로서의 대중성의 성공이냐에 따라 평가가 다르지.,neutral,0.0018191576,0.99788624,0.00029457835,평가가 다르지
191,닥성시경인줄 알았는데장범준 평가가 이리 높았나.,positive,0.0022471172,0.012932612,0.9848202,장범준 평가가 이리 높았나
192,나는 성시경이긴한데..지금까지 경력이나 이런걸 봤을때 장범준이..시간만지나면 뛰어넘을거라고봄...,positive,0.00083438226,0.026643107,0.97252256,시간만지나면 뛰어넘을거라고봄
193,개인적으로 음색은 성시경이 너무좋고..다른 아티스트적인 능력이나 작사작곡능력은 장범준이 좋아서..ㅋㅋㅋ.,positive,0.00074249617,0.00029966145,0.9989579,능력이나 작사작곡능력은 장범준이 좋아서
194,장범준은 버스커버스커 1집 발매한걸로 그냥 성시경 가볍게 정리하는거 아닌가... 이정도 파급력 가진 가수가 2010년대에 얼마나 있었는지.,neutral,0.0011767608,0.9846666,0.014156721,이정도 파급력 가진 가수가 2010년대에 얼마나 있었는지
195,노래 가창력은 성시경.,neutral,0.00018422777,0.99865144,0.001164301,노래 가창력은 성시경
196, 음악인으로서 더 성공은 장범준.노래를 누가 더 잘하냐 >,positive,0.00077517144,0.0047146855,0.9945102,음악인으로서 더 성공은 장범준
197, 성시경누가 더 위대한 아티스트냐 >,positive,0.0028038283,0.06711556,0.9300806,성시경누가 더 위대한 아티스트냐 
198, 장범준.장범준이 진심모드로 계속 작곡했으면 진짜 슈퍼스타 가능인데 결혼한 뒤로는 그냥 즐기면서 사는듯.,positive,0.00049848907,0.0042517087,0.99524975,결혼한 뒤로는 그냥 즐기면서 
199,결국 돈 많이 번 사람이 승자아님??,neutral,0.0120647345,0.9811802,0.006754964,사람이 승자아님
200, 이걸로 따져도 장범준은 곡수가 적은 대신 효자곡이 성시경보다 수익이 좋을거 같고 성시경은 효자곡이 장범준보다 적겠지만 주옥 같은 노래가 한 둘이 아니라 존나 박빙이네.,positive,0.009136108,0.1476254,0.8432385,주옥 같은 노래가 한 둘이 아니라 존나 박빙이네
201,장범준은 시대의 아이콘임,positive,0.0005378616,0.0037116928,0.9957504,장범준은 시대의 아이콘임
202," 그 특유의 작곡작사 능력, 창법, 감성은 그 누구도 대체 못하는 그러니까 벚꽃엔딩부터 지금까지 사랑받는거지.",positive,0.001225118,0.0005781493,0.9981968,벚꽃엔딩부터 지금까지 사랑받는거지
203,개인적으로 장범준 노래는 참 좋다는 생각이 항상 들지만 성시경 노래처럼 감동은 없는 듯 ...와 ㅋㅋㅋ,negative,0.9998379,4.634908e-05,0.000115676776,성시경 노래처럼 감동은 없는 듯 
204,진짜 내가 엄마한테 장범준 노래 뭐가 좋다고 맨날 듣냐고 소리 듣던 사람인데도 성시경인데어떻게 장범준이지 ㅋㅋㅋㅋ,neutral,0.0011390608,0.9875964,0.011264536,성시경인데어떻게 장범준이지 
205, 진짜 이해 안됨ㅋㅋㅋ,negative,0.9991597,0.00064098364,0.00019940292,진짜 이해 안됨
206,임팩트만 따지면 장범준인거 이해하는데 overall로 장범준이 위라고?,neutral,0.002378098,0.9909112,0.0067107826,임팩트만 따지면 장범준인거 이해하는데 
207, 전혀 아마 10대20대 한정일듯.,neutral,0.000113833274,0.999724,0.00016217203,전혀 아마 10대20대 한정일듯
208,"누가 성시경은 어느노래든 부르면, 본인곡으로 승화시키는 창법을 가지고있다고해서그전까진 나도 성식이형 파였는데장범준 회상 듣고 생각 완전바뀜.",neutral,0.0038765552,0.98142344,0.01470002,생각 완전바뀜
209, 본인 창법 장난아님 그냥한국 어디에도 장범준처럼 노래부르는사람 찾기힘들정도로 유니크함가창력이런걸떠나서 ㅋㅋ,positive,0.0004388104,0.0012407292,0.9983204,힘들정도로 유니크함가창력이런걸떠나서 
210,김창완씨 노래를 그렇게 본인곡처럼 부를줄은 몰랐음.,neutral,0.0014188997,0.9912355,0.00734558,김창완씨 노래를 그렇게 본인곡처럼 부를줄은 몰랐음
211,장범준은 아티스트영역이고 성시경은 걍 가수 범위가 다르다고봄.,neutral,0.00074573356,0.99864835,0.0006060063,가수 범위가 다르다고
212,포지션이 완전 다른데 무슨 의미가..,neutral,0.020355793,0.9792686,0.0003755223,포지션이 완전 다른데 
213, 가창력은 성시경 압승이고 작곡 능력은 장범준 압승 장범준은 노래도 하니까 종합점수가 높다고 하는데 성시경도 작곡 능력이 제로인게 아님.,negative,0.9973775,0.0016211381,0.001001315,성시경도 작곡 능력이 제로인게 아님
214,벚꽃엔딩 넘을수 있나.,neutral,0.0017067556,0.9933563,0.0049369307,벚꽃엔딩 넘을수 있나
215,걍 지금 포크쪽 원탑 장범준발라드쪽 원탑 성시경인거지,neutral,0.002490795,0.9881791,0.009330145,걍 지금 포크쪽 원탑 장범준발라드쪽 원탑 성시경인거지
216,이걸 누가 낫니 마니 싸우는게 이상한거 아님?.,negative,0.9840777,0.015358211,0.0005639916,누가 낫니 마니 싸우는게 이상한거 아님
217,일반인 기준 가창력로만 따지면 소향이 우리나라 올타임 넘버원 가수냐 ㅋㅋ,positive,0.008241135,0.0012062291,0.99055266,일반인 기준 가창력로만 따지면 소향이 우리나라 올타임 넘버원 가수냐 
218,장범준이 보컬 실력 좀 밀려도 시대 풍미한 가수는 맞다.,positive,0.00051120424,0.0012565792,0.9982322,시대 풍미한 가수는 맞다
219,"벚꽃엔딩이 불후의 명곡은 틀림없지만 거의 대부분 노래가 허어~어어~  원툴이고 목소리가 금방 질림성시경은 전문가들, 프로듀서들이 뽑은 올타임 넘버원 급 보컬.",positive,0.0010360791,0.0006031486,0.9983608,프로듀서들이 뽑은 올타임 넘버원 급 보컬
220,그림도 AI가 그리고 노래도 AI가 부르는 마당에자기 노래를 자기 손으로 못쓰는사람을 아티스트라고 부를수 있냐는 근본적인 질문에 답을 해야할 때임,neutral,0.0015218662,0.9968135,0.0016647148,부르는 마당에자기 노래를 자기 손으로 못쓰는사람을 아티스트라고 부를수 있냐는 근본적인 질문에 답을 해야할 때임
221,이런 면에서 장범준이 위라고 봄.,neutral,0.001211257,0.94722646,0.051562272,이런 면에서 장범준이 위라고 봄
222,ZUTOMAYO 뭐 작곡능력면에서는 장범준이 위다,neutral,0.0003997452,0.9929496,0.006650701,ZUTOMAYO 뭐 작곡능력면에서는 장범준이 위다
223, 이런말하고싶은거아님?,neutral,0.00393331,0.99556136,0.00050533365,이런말하고싶은거아님
224, 성시경 작곡못함 이런뜻은아니고.,neutral,0.4865508,0.5117293,0.0017198657,성시경 작곡못함 이런뜻은아니고
225,장범준 굴욕이네 ㅋㅋ.,negative,0.9981431,0.0016245731,0.00023239189,장범준 굴욕이네 
226,장범준은 비교적 최근이라 저평가 있는듯.,negative,0.989799,0.003840996,0.0063598943,장범준은 비교적 최근이라 저평가 있는듯
227,장범준  파급력은 진짜 어마어마하지 않나 전국민이 알만한 곡도 가지고있고.,positive,0.0004720352,0.0025011306,0.99702686,장범준  파급력은 진짜 어마어마하지 않나 전국민이 알만한 곡도 가지고
228,고점은 장범준이 높아도 히트곡은 성시경이 더 많지 않나..,neutral,0.0009665988,0.99377924,0.0052541997,고점은 장범준이 높아도 히트곡은 성시경이 더 많지 않나
229,난 굳이 따지자면 장범준 세대인데도성시경이라고 생각하는데...나도 둘 다 잘나가던 시절 다 경험했고 장범준은 슈스케때 초반에 떨어지기 전부터 얜 무조건 대성할 밴드라고 생각했었고 지금도 엄청 높게보긴하는데그래도 성시경...장범준은 성시경보다 sg 와나비랑 비교해야 급이 맞을 거 같은데.,positive,0.00054037414,0.031843655,0.96761596,전부터 얜 무조건 대성할 밴드라고 생각했었고 
230,장범준은 한시대를 만들고 정점에 선사람임...,neutral,0.0051411036,0.8911184,0.10374052,장범준은 한시대를 만들고 정점에 선사람임
231,성시경이 활동당시에 1등으로 씹어먹지는 못했어도 고평가 받는 이유가 계속 찾아 듣게되는 노래가 많음앨범 판매량 같은건 성적표로 볼때 중요하지만 결국 누구 노래를 더 많이 들었냐 하면 버스커+솔로 장범준 노래는 한철에만 듣고 그렇게 많이 찾아듣지는 않은듯.가기로했으면가 버스커 장범준노래를 많이 안찾아듣는다는 소리는 근거없는 소리아님?.,negative,0.9794169,0.016989816,0.003593266,듣는다는 소리는 근거없는 소리아님
232,장범준이 ㅈ으로 보이냐?,negative,0.99835724,0.0013733244,0.00026940863,장범준이 ㅈ으로 보이냐
233, 막말로 장범준이 연예계 활동 했음,negative,0.9943969,0.005365727,0.0002373122,막말로 장범준이 연예계 활동 했음
234, 그냥 99대 1 나왔음 ㅋㅋㅋ.,neutral,0.00042363512,0.99931574,0.00026066927,그냥 99대 1 나왔음 
235,성시경 전성기 직접겪은 엠팍에서도 장범준 승이면 더 할말없지 뭐.성시경 장범준 둘 다 좋긴한데 지금도 듣는건 성시경노래임.,positive,0.00043415392,0.0030362536,0.99652964,성시경 장범준 둘 다 좋긴한데 
236, 난 성시경.,neutral,0.00047126494,0.9990953,0.00043341846,난 성시경
237,쥐뿔도 없는 여수를 관광도시 만든게 장범준임 ㅋㅋ,neutral,0.0014000342,0.99612975,0.002470214,쥐뿔도 없는 여수를 관광도시 만든게 장범준임 
238,그래도 난 성시경 팬이라…,positive,0.0012732944,0.1516286,0.84709805,그래도 난 성시경 팬이라
239,성시경도 데뷔때 반짝 인기많다가 2010년쯤 전후로는 느끼발라더로 많이 까였었음.,negative,0.99010825,0.008272056,0.0016196724,전후로는 느끼발라더로 많이 까였었음
240, 복고랑 옛날감성이 인기많아지니 재평가 제대로 받은거고.,positive,0.001094306,0.0022725528,0.9966331,복고랑 옛날감성이 인기많아지니 재평가 제대로 받은거고
241, 가창력은 성시경이 넘사. 대중적인 영향력은 장범준이 넘었다고 봄.내가 성시경 데뷔초부터 봤는데 성시경이 장범준에 비교될 급이 아닌데 참 내 ㅡㅡ.,neutral,0.0020582967,0.94340456,0.05453716,성시경이 장범준에 비교될 급이 아닌데 참 내 ㅡㅡ
242,보컬로서냐 뮤지션으로서냐에 따라 답이 달라짐보컬로는 성시경이 압승뮤지션으로서는 장범준이 압승.,neutral,0.0016505809,0.9866419,0.011707453,답이 달라짐보컬로는 성시경이 압승뮤지션으로서는 장범준이 압승
243,노래실력으로 하면 성시경그외엔 장범준.,neutral,0.0003293141,0.9973322,0.002338516,노래실력으로 하면 성시경그외엔 장범준
244,난 성시경.,neutral,0.00047126494,0.9990953,0.00043341846,난 성시경
245, 우리엄마 장범준 모르고 성시경은 알듯.ㅁㅅㅍㅌ,neutral,0.0027552499,0.99155575,0.0056889285,우리엄마 장범준 모르고 
246, 벚꽃엔딩은 아실듯.,neutral,1.2179206e-05,0.9999125,7.534243e-05,벚꽃엔딩은 아실듯
247,장범준은 프로듀싱 능력이 뛰어난거 아님??,positive,0.0009041298,0.0155326,0.9835633,장범준은 프로듀싱 능력이 뛰어난거 아님
248, 성시경은 보컬리스트인데 비교대상이 이상함.,negative,0.99870455,0.0008848288,0.00041057146,비교대상이 이상함
249,우리아빠 요즘노래 아무것도 모르는데도 벚꽃엔딩 벨소리로 해두심ㅋㅋㅋ.,neutral,1.727695e-05,0.9999691,1.35414875e-05,벚꽃엔딩 벨소리로 해두심
250,성시경이 딸려서 장범준이 위인게 아니라성시경도 대단하지만장범준이 히트를 더 잘 친 사람인거.,neutral,0.0010899368,0.97118807,0.027721964,장범준이 히트를 더 잘 친 사람인거
251,난 성시경... 장범준 방송활동안해도 그정도라는데 갠적으로 성시경 방송활동은 오히려 가수 성시경한테는 마이너스라생각해서...,negative,0.99574935,0.0033260959,0.000924554,가수 성시경한테는 마이너스라생각해서
252,장범준은 활동도안하고 음원만던지는데 파워존나세잖아.,negative,0.93606037,0.042055707,0.021883883,파워존나세잖아
253,다떠나서 장범준 노래를 더많이 들어서난 장범준.아티스트로 장범준이 걍 압살이지 싶은데...,neutral,0.0013487583,0.9895307,0.009120575,아티스트로 장범준이 걍 압살이지 싶은데
254, 근데 장범준 노래는 버스커 1집 이후로 몇 곡 안듣고 성시경은 플리에 항상 있음ㅋㅋㅋㅋ.,neutral,0.0005891253,0.99805343,0.0013574495,근데 장범준 노래는 버스커 1집 이후로 몇 곡 안듣고 
255,아니 근데 진짜  장범준 후려치기 ㅈ대는듯;,negative,0.9985631,0.001180178,0.0002567741,  장범준 후려치기 
256, 성시경 전성기가 장범준급 임팩트였음?,positive,0.00071680924,0.0037137975,0.9955694,성시경 전성기가 장범준급 임팩트였음
257, 봄되면 어김없이 차트 상위권 스물스물올라오는 봄의 캐롤이라는 곡을 작사작곡하고 그거말고도 꾸준히 메가히트곡이 나왔는데 ㅋㅋ,positive,0.0008759017,0.0005927281,0.99853134,어김없이 차트 상위권 스물스물올라오는 봄의 캐롤이라는 곡을 작사작곡하고 
258,장범준 후려치기가 너무심하네.,negative,0.99883443,0.0009112991,0.0002543753,장범준 후려치기가 너무심하네
259,장범준 노래 허어어어어어어엉이 대부분아녀?.,neutral,0.0005969546,0.9980034,0.0013996082,장범준 노래 허어어어어어어엉이 대부분아녀
260,성시경 노래는 자주 찾아 듣는데 장범준 노래는 신곡 나왔을때 빼고는 찾아듣지는 않게 되더라.,neutral,0.0019084822,0.99410653,0.0039850245,빼고는 찾아듣지는 않게 되더라
261,고음 때문에 성시경>장범준이라는 사람들 의견은 들을 가치도 없음,negative,0.9987864,0.0005528474,0.0006607958,사람들 의견은 들을 가치도 없음
262,케이팝 망치는 주범들임.,negative,0.9991314,0.0003534364,0.0005152909,케이팝 망치는 주범들임
263,"그 중들이 경전 외듯이 앵앵앵앵 부르는, 듣기 존나 싫은 음색이 장범준이라면 닥치고 성시경이지.",negative,0.9954947,0.002420163,0.0020850988,듣기 존나 싫은 음색이 장범준이라면 닥치고 
264, 가창력 비벼진다는게 성시경에게 굴욕이다..,negative,0.9983713,0.0008466306,0.00078204373,가창력 비벼진다는게 성시경에게 굴욕이다
265,성시경이라고 하는 분들은 대부분 노래 실력이나 본인 취향에 많이 점수를 주신 거 같음.,positive,0.00037287927,0.0016603394,0.99796677,대부분 노래 실력이나 본인 취향에 많이 점수를 주신 거 같음
266, 생각해보면 객관적인 영향력을 따졌을 때 장범준이 훨씬 더 큰 거 같은데.,neutral,0.0013427623,0.99250495,0.0061522913,장범준이 훨씬 더 큰 거 같은데
267,가창력이나 이런거 볼게 아니라 가수면  대중성&그외등등 다 고려 해야하는거 아닌가,neutral,0.004687976,0.9946292,0.0006828717,가창력이나 이런거 볼게 아니라 가수면  대중성
268,  그런면에선  장범준이 맞다고봄 둘이 같은 장르도 아니고 전혀 다른 장르인데 비교할꺼면  가창력&대중성 파급력 최고점 등등 다 반영해야지.,positive,0.00062985526,0.0021630295,0.9972071,대중성 파급력 최고점 등등 다 반영해야지
269,ㄹㅇ취향영역 장범준은 음원이랑 독보적 스타일로 비비는거긴함.작곡으로 대박친 장범준싱어 역량은 성시경난싱어송라이터를 더 쳐줌 그게 더 어렵자나.,negative,0.92456,0.043851987,0.03158794,그게 더 어렵자나
270,대중성은 장범준나머지는 성시경 압승이지..,neutral,0.00061861105,0.9969093,0.002472154,대중성은 장범준나머지는 성시경 압승이지
271, 장범준 택하는 사람은 헤이즈 vs 박정현에서도 헤이즈 택할 건가?ㅋㅋ.,neutral,0.00066328986,0.9982838,0.0010527846,박정현에서도 헤이즈 택할 건가
272,꼬우면 앨범 좀 내라 장범준.,negative,0.9963168,0.0032536807,0.0004295165,면 앨범 좀 내라 장범준
273,둘이 강점있는 분야가 아예 달라서 비교의미가 없다생각하지만 장범준은 21세기 한국 남자싱어송라이터중 원탑아니냐.,positive,0.008713342,0.16792496,0.8233617,한국 남자싱어송라이터중 원탑아니냐
274,성시경은 여자픽이 존내 높은듯원히트원더로 따지자면거리에서 vs 벚꽃엔딩 난 벚꽃승.,positive,0.0028280679,0.11716466,0.8800073,성시경은 여자픽이 존내 높은듯원히트원더로 따지자면거리에서 vs 벚꽃엔딩 난 벚꽃승
275,노래 실력의 경우 둘의 방향성이 다르지만 성시경 우위라고 보는데 전반적으로 가수로써 내는 앨범이나 작품을 본다면 아티스트로서는 장범준 압승임.,positive,0.00058876834,0.0024808696,0.9969304,전반적으로 가수로써 내는 앨범이나 작품을 본다면 아티스트로서는 장범준 압승임
276,"가수 성시경 윈 싱어송라이터 장범준 윈.더 좋고 나쁘고를 떠나서 ""대중가수""로썬 장범준이 위지..한섬닷컴 엠팍 틀딱 새끼들이 장범준 고르는걸 보여줘도 이런 소리를 하면 어쩌누 얜 ㅋㅋ.",negative,0.99887913,0.0006468108,0.0004740116,한섬닷컴 엠팍 틀딱 새끼들이 장범준 고르는걸 보여줘도 이런 소리를 하면 어쩌누 얜 
277,다른건 모르겠고 장범준이 내려치기 당할 클래스는아닌데.잘 부르긴 하지만 그냥 좀 더 대중적인 느낌이 장범준이지.ㄹㅇ,neutral,0.0016263953,0.99592173,0.0024518298,더 대중적인 느낌이 장범준이지
278, 노래는 성시경이지.,neutral,0.0005060212,0.99837023,0.0011237042,노래는 성시경이지
279,아이유가 대중적으로 성공했다고 이선희랑 비교하는꼴 아니냐..마크로니아 장범준이 성시경 넘었듯아이유가 이선희는 이미 넘었음.,neutral,0.0029076769,0.9408564,0.05623586,아이유가 대중적으로 성공했다고 이선희랑 비교하는꼴 아니냐
280,성시경이 현역 중에 탑급 보컬이긴 하지만둘 다 대중가요 가수니까 상업적인 측면에서 압살하는 장범준 승이지.,neutral,0.047931265,0.8715708,0.08049787,측면에서 압살하는 장범준 승이지
281,"본인 자작곡으로 한 시대 씹어먹은 장범준이 위지 버스커버스커 1집 여수밤바다, 벚꽃엔딩에서 게임 끝임.",neutral,0.00049540884,0.9972155,0.0022890512,씹어먹은 장범준이 위지 버스커버스커 1집 여수밤바다
282,장범준은 음지의 고수 느낌이고 성시경은 양지의 고수 느낌.,neutral,0.00063870015,0.99893135,0.0004298983,장범준은 음지의 고수 느낌
283, 결론은 그냥 둘다 짱이라 생각함..,positive,7.5745434e-06,1.7630146e-05,0.99997485,결론은 그냥 둘다 짱이라 생각함
284,음악적 성과로 보면 닥 장범준인거같은데.,positive,0.0006328513,0.0011265819,0.9982406,음악적 성과로 보면 닥 장범준인거같은데
285,센스는챌린저 사실 객관적인 지표로 따지면 장범준이 압승이긴 함 성시경이 원탑이었던 시기는 거의 없음.,neutral,0.0017082068,0.98638594,0.011905814,시기는 거의 없음
286,성시경 동시대에 브아솔 sg워너비 버즈 김종국 등 너무 많았지 않나 장범준은 그야말로 씹어먹었고.축구선수 비교랑 비슷하다고 봄 꾸준함도 중요한데 임팩트에 조금 더 점수가 간다고 생각한 그래서 장범준이 조금 더 위지 않을까 생각해봄.,positive,0.00039400795,0.0066927806,0.9929132,장범준이 조금 더 위지 않을까 
287,음원은 장범준이 압승인데.같은 기간대비로는 장범준이 임팩트 더 쎄고성시경은 아무래도 연차가 오래된 가수고 롱런하고있으니 누적치가 많이 쌓인 느낌 ?,neutral,0.0017478674,0.6472235,0.35102865,롱런하고있으니 누적치가 많이 쌓인 느낌 
288,"현기준으론 성시경 누적치가 더 많지만, 장범준이 지금 폼 더 오래 유지하면 장범준일듯딱 최고점만 비교해보면 장범준 버스커때가 더 높음.",positive,0.0007738071,0.023979602,0.9752466,더 높음
289,장범준 앨범퀄 지리긴 함가사같은거 대충쓴듯한 곡도 장범준만의 느낌이 있어서 좋음가창력이나 노래적표현은 성시경이 압승인데장범준은 작사 작곡 다 되고 히트곡도 많아서아티스트로 보면 장범준이 이길테고노래실력은 성시경이지 거리에서나 희재같은 어려운 노래성시경이 받은 이유가 있음.,positive,0.00053692306,0.0025410263,0.9969221,노래실력은 성시경이지 거리에서나 희재같은 어려운 노래성시경이 받은 이유가 있음
290,성시경 전성기를 직접 본 사람인데닥 장범준인데.노래 실력은 성시경이 압살이긴 한데뮤지션 그 자체로만 보면 장범준이 추월한 것 같음본인 작사작곡에 낼 때마다 히트하니까 뭐성시경도 명곡 많지만 최근 10년 가까이 가수보단 예능인 활동이 더 두드러지지 않았나,positive,0.00052303245,0.0336042,0.96587276,히트하니까 뭐성시경도 명곡 많지만 
291,근데 콘서트 가라고 하면 성시경 콘서트 갈거임.ㅁㅊ..,neutral,0.015380641,0.97071403,0.013905313,콘서트 가라고 하면 성시경 콘서트 갈거임
292, 어쩌다가 성시경이 장범준 비교대상이 되어버렸노..,neutral,0.0029953737,0.9924142,0.004590485,어쩌다가 성시경이 장범준 비교대상이 되어
293, 내가 늙은건가.,negative,0.9912176,0.008372592,0.0004098128,내가 늙은건가
294,근데 벚꽃엔딩 대박난거 인정인데그런 식으로 따지자면 성시경은 고사하고 뭐 하다못해 유재하도 장범준에 못비비는거 아니냐?.,negative,0.98608404,0.010011976,0.003904014,그런 식으로 따지자면 성시경은 고사하고 
295,성시경의 롱런은 그의 음악적 역량도 있지만매일 방송국 관계자들과 마신 술의 영향도 크다고 봐요,neutral,0.0013369451,0.66301155,0.33565155,성시경의 롱런은 그의 음악적 역량도 있지만
296, 반면 장범준은 은둔형 외톨이라서 장범준 손을 들어주고 싶네요.,neutral,0.0019344654,0.99754214,0.00052350824,반면 장범준은 은둔형 외톨이라서 장범준 손을 들어주고 
297,데뷔연차가 십년 가까이 차이나는데 삐까뜨는거 자체가 장범준 압승 아님?.,neutral,0.21634346,0.78170335,0.001953185,삐까뜨는거 자체가 장범준 압승 아님
298,본인 힙찔이임 내 기준 장범준 압승.,positive,0.0029565296,0.0075365915,0.9895069,본인 힙찔이임 내 기준 장범준 압승
299,난 장범준인게성시경이 잘나가던 시절엔 발라드 부르는 가수들이 많았음.,positive,0.0005001646,0.021491967,0.97800785,난 장범준인게성시경이 잘나가던 시절엔 발라드 부르는 가수들이 많았음
300," 물론 그 중 에서도 성시경은 대단했지만장범준은 댄스가수 활개치고 다니고 그룹사운드, 통기타 + 보컬 이란게 ㅈ망한 시장에서갑자기 기타메고 짜잔 하고 등장해서대중성 하늘 찍는 음악들을 냈다는거에서 좀 더 높게 쳐 줌..",neutral,0.009547763,0.97234094,0.018111303,등장해서대중성 하늘 찍는 음악들을 냈다는거에서 좀 더 높게 쳐 줌
301,나도 장범준먼 미래에 더 회자될거 같음.,neutral,0.00063965,0.9978157,0.0015445071,미래에 더 회자될거 같음
302,지프는지프 장범준 벜벜시절까지 합쳐서 나온노래가 60여곡인데 제발뇌절좀ㅋㅋㅋ.,negative,0.99641776,0.0029732445,0.000609039,지프는지프 장범준 벜벜시절까지 합쳐서 
303,"전성기 한정이라고 하면 성시경이긴 한 데, 2022년 현재는 장범준이 압살이긴 해.",negative,0.9894806,0.010015505,0.000503963,현재는 장범준이 압살이긴 해
304,"요즘 애들은 성시경을 앨범 낸 노래 잘하는 예능인, 유튜버로 아는 수준 아닌가?.",neutral,0.0005402997,0.9987595,0.0007002211,유튜버로 아는 수준 아닌가
305,44777 전성기 고점으로 보자고 하면 버스커 벚꽃연금 이길만한 앨범이 있음?.,neutral,0.005827245,0.97387457,0.020298189,44777 전성기 고점으로 보자고 
306,둘다 취향차이이긴한데스탈이 너무달라서 히트곡으로 치면 장범준이 압승이긴함벚꽃연금은 ㄹㅇ 넘사.장범준 노래 다 똑같이 들리고 음색도 다 똑같은데 발라드 가수로 뭐가 더 좋다는지 모르겠네,negative,0.9749792,0.019247688,0.0057731457,발라드 가수로 뭐가 더 좋다는지 모르겠네
307, 노래 걍 존나 질리는데.자람자 근데 장범준이 발라드 가수로 치는게 맞나 ㅋㅋ.,negative,0.98551023,0.013068588,0.0014211261,노래 걍 존나 질리는데
308,난 무조건 성시경버스커 - 장범준도 좋지만 성시경이 더 좋아 콘하면 성시경콘감.,positive,0.00042382462,0.0026968967,0.99687934,성시경이 더 좋아 콘하면 성시경콘감
309,성시경은 거의 리빙 레전드인데 발라드 분야 황제 아님? ㅋㅋ,positive,0.0008232568,0.00090606016,0.99827063,발라드 분야 황제 아님
310, 장범준 노래는 좋은데 감탄은 안나옴 성시경 노래는 좋은데 감탄도 나옴 당장 콘서트 보내줘도 성시경 콘서트 감 나는.래드키 애초에 장범준 성시경 분야가 다른데 남자 발라드 솔로하면 성시경이고 남자 컨템포러리 포크 솔로하면 장범준이지 뭘 그정도가 아니야 ㅋㅋ.,positive,0.0008024524,0.005535852,0.99366164,그정도가 아니야 
311,코제르다르크 장범준과의 비교를 떠나서 애초에 성시경이 그정도는 아님.,neutral,0.0018329968,0.99460405,0.0035629673,코제르다르크 장범준과의 비교를 떠나서 
312,노래실력 빼면 다 장범준 승아님?.,positive,0.00074636884,0.0030140844,0.99623954,노래실력 빼면 다 장범준 승아님
313,성시경이 장범준한테 비빌수있다는게 믿기지않네,positive,0.32498246,0.29374784,0.3812697,성시경이 장범준한테 비빌수있다는게 믿기지않네
314, 히트곡 수준이 다른데?,neutral,0.12757532,0.8587017,0.013722989,히트곡 수준이 다른데
315,성시경 전성기때 벚꽃엔딩급 임팩트는 아니더라도 여수밤바다 수준이라도 되는게 있나?,positive,0.00093309634,0.003564773,0.9955022,성시경 전성기때 벚꽃엔딩급 임팩트는 아니더라도 여수밤바다 수준이라도 되는게 있나
316,노래방에서정도나 있지.,neutral,0.0017742863,0.9967649,0.0014608172,노래방에서정도나 있지
317,전승우승가능 거리에서넌감동이었어,positive,0.0027981217,0.0002508037,0.9969511,전승우승가능 거리에서넌감동이었어
318,희재내게오는길좋을텐데두사람너는나의봄이다,positive,0.0032377928,0.056849506,0.9399127,희재내게오는길좋을텐데두사람너는나의봄이다
319,우린제법 잘어울려요,positive,0.00022581856,0.00077614136,0.9989981,우린제법 잘어울려요
320,대충생각나는거 적었는데 이거 다 여수밤바다급은 되는듯.,positive,9.976575e-06,3.3392414e-05,0.9999566,대충생각나는거 적었는데 
321,난 장범준 노래를 많이 들어서 장범준.,neutral,0.00024041177,0.9982212,0.0015384408,난 장범준 노래를 많이 들어서 장범준
322,낡은핸드폰 성시경 아는 노래가 별로 없어서 장범준 갈듯.벚꽃엔딩 < 끝판왕.0나니 딴건 모르겠고 벚꽃엔딩에 미소천사가 비빌수있음?.,positive,0.000647791,0.0009960637,0.99835616,낡은핸드폰 성시경 아는 노래가 별로 없어서 장범준 갈듯
323,둘 다 유튜버니까 구독자수로 비교한다,neutral,0.0026017756,0.99681014,0.0005880582,구독자수로 비교한다
324,성시경 109만장범준 94만성시경 승.,neutral,0.00046562526,0.9979709,0.0015635235,성시경 109만장범준 94만성시경 승
325,저논리면 박효신도 장범준한테 못비빔 ㅋㅋㅋㅋ,negative,0.99178207,0.0077159777,0.0005019288,저논리면 박효신도 장범준한테 못비빔 
326,밪꽃엔딩으로 장범준 전무후무 국내 최고가수 등극수준인데ㅋㅋㅋㅋㅋ.,positive,0.0016747855,0.00063360634,0.99769163,밪꽃엔딩으로 장범준 전무후무 국내 최고가수 등극수준인데
327,아 성시경쪽이었는데 좀 흔들리긴한다.,negative,0.9990097,0.0008650603,0.00012517716,아 성시경쪽이었는데 좀 흔들리긴한다
328,모든 앨범을 손수 만들어서 내놨다는점이 너무 크게 작용함.,negative,0.99564725,0.0026980764,0.0016546269,모든 앨범을 손수 만들어서 내놨다는점이 너무 크게 작용함
329," 내 발라드 명반 원탑이 유재하 앨범인데,성시경 앨범은 단 한번도 전체 풀재생으로들어본적이 없음장범준 앨범은 버스커버스커 이후로도 솔로앨범 3집까지 다 들어봤었고..장범준 음색이 진짜 독특한데 질리는 사람없음??",positive,0.0005414804,0.0034367123,0.9960218,독특한데 질리는 사람없음
330,나는 슈스케때 버스커 투표도하면서 잘 들었는데언제부턴가 좀 물린달까..,neutral,0.00082680205,0.99891627,0.00025694334,언제부턴가 좀 물린달까
331,  노래는 다른사람이 부를때 좋은데 버스커 때 노래나 솔로 노래는 안듣게되던데.,negative,0.993401,0.00575654,0.0008424651,좋은데 
332,난 첨에 보자마자 성시경이라고 생각했는데 댓글들 보니까 장범준이 더 위인가 싶기도하네.,neutral,0.0013839,0.96852714,0.030089045,난 첨에 보자마자 성시경이라고 생각했는데 
333,히트곡 빼고 슈스케 한정으로도 장범준 승인듯그시절에 노래잘하고 잘부르는 발라드 가수는 많았음,positive,0.0007048346,0.0004836689,0.9988115,부르는 발라드 가수는 많았음
334, 그사이에 성시경이 1티어도 아니었고.내기준에선 비교불가 장범준 압승임 ㅋㅋ,neutral,0.00092037563,0.9934523,0.005627209,내기준에선 비교불가 장범준 압승임 
335, 가요를 그렇게 많이듣는건 아니지만 아는 노래중에 장범준노래가 훨씬 많음.,neutral,0.00031300416,0.99514043,0.0045466567,아는 노래중에 장범준노래가 훨씬 많음
336,[페르소나],neutral,0.00013959053,0.99971145,0.0001489432,[페르소나
337, 장범준 아는세대면 성시경도 무조건 잘알지,neutral,0.0011207624,0.8882363,0.110642925,장범준 아는세대면 성시경도 무조건 잘알지
338, 근데 난 그세대인데 성시경 노래를 더 많이암.,neutral,0.00876077,0.9901635,0.0010756762,성시경 노래를 더 많이암
339,기준이 먼데 시발 ㅋㅋ,negative,0.99895394,0.0008288409,0.00021723172,기준이 먼데 시발 
340,히트곡이면 장범준이고 실력이면 성시경이고고음가창도 안되는데 장범준은 본인도 인정했고 걍 개성있게 부르는거고.,positive,0.00057398214,0.00095048663,0.9984755,고음가창도 안되는데 
341,일단 두 분 포지션이 많이 달라요.,neutral,0.0003002911,0.99957246,0.00012721385,일단 두 분 포지션이 많이 달라요
342,"성시경님은 발라드 하면 최정상에 위치한 대표가수고요,",positive,0.0005254366,0.0030359877,0.9964386,발라드 하면 최정상에 위치한 대표가수고요
343,지금도 그 많은 남성들이 성시경처럼 부르고 싶어해요.,neutral,0.00046130238,0.9971228,0.0024158093,지금도 그 많은 남성들이 성시경처럼 부르고 
344, 기술적으로도 뛰어나시고요.,positive,0.00019586702,0.00018272961,0.9996214,기술적으로도 뛰어나시고요
345,"장범준님은 대중적으로 성공한 싱어송라이터시고요,",positive,0.00031773144,0.003525683,0.99615663,대중적으로 성공한 싱어송라이터시고요
346,순수한 가창에 집중하신 분은 아니에요.,neutral,0.0015895048,0.99786925,0.00054125587,순수한 가창에 집중하신 분은 아니에요
347,이게 vs가 되는가?,neutral,0.04159699,0.95796335,0.00043967826,이게 vs가 되는가
348, 에 물음표가 생기네요..,neutral,0.001448521,0.9983255,0.00022594539,에 물음표가 생기네요
349,둘다 존나 좋아하는데 아직은 성시경이 위라 생각함.,neutral,0.0009639978,0.9900371,0.008998886,둘다 존나 좋아하는데 
350, 근데 아직 장범준은 앞으로 10년이나 더 남아서 이 기간에 충분히 반열에 오를 수 있다 생각..,neutral,0.000719154,0.97567433,0.02360646,이 기간에 충분히 반열에 오를 수 있다 생각
351,장범준이 한 곡 내고 사라진 것도 아니고 이게 비교가 되냐 ㅋㅋ,negative,0.99415576,0.0049881474,0.0008560196,이게 비교가 되냐 
352, 성시경은 한번도 정상을 찍어본 적이 없다.,neutral,0.0022139624,0.9547263,0.043059763,성시경은 한번도 정상을 찍어
353, 한 해 10대 가수를 뽑으면 간신히 한 두 번 들어갈 정도의 커리어. 좋니로 1위 찍기 전 윤종신 생각하면 되겠네.,neutral,0.004445461,0.98065346,0.014901006,전 윤종신 생각하면 되겠네
354,성시경 시대 좀 봤어도 장범준이 위별개로 목소리는 개취로 성시경장범준은 음색이....,negative,0.98000365,0.008943753,0.011052634,성시경 시대 좀 봤어도 장범준이 위별개로 목소리는 개취로 성시경장범준은 음색이
355,그냥 무조건 장범준 아닌가?,neutral,0.0010842117,0.99739397,0.0015218254,그냥 무조건 장범준 아닌가
356, 논쟁하는게 신기하네.,neutral,0.065349095,0.93354577,0.0011050915,논쟁하는게 신기하네
357,"아이스베어1 장범준이 프로듀싱으로 1,2등이요? ㅋㅋㅋ.",neutral,0.00043577192,0.9986713,0.0008930517,아이스베어1 장범준이 프로듀싱으로 1
358,당장 둘이 동시에 동네에서 공연중인데 어느거 보러갈래 하면 난 장범준 보러감 그리고 이 질문으로 설문하면 장범준이 압도적으로 이길거 같은데.,neutral,0.0014661448,0.9556965,0.04283738,이 질문으로 설문하면 장범준이 압도적으로 이길거 같은데
359,멍청이바로너 근데 장범준도 원탑이었던적이 없음.,negative,0.99706143,0.0009185145,0.0020199516,멍청이바로너 근데 
360,실력은 성시경히트곡은 장범준.,positive,0.00035997527,0.0021230017,0.997517,실력은 성시경히트곡은 장범준
361,이게 갈린다는게 더 신기한데 난..ㅋㅋㅋ;,neutral,3.350399e-05,0.99995077,1.5684654e-05,이게 갈린다는게 더 신기한데 
362,성시경은 우리나라에서 손에 꼽힐만한 보컬리스트이자 싱어송라이터임 히트로치면 김범수도 장범준보다 밑임??ㅋㅋㅋㅋ,neutral,0.0035562476,0.9869954,0.009448382,히트로치면 김범수도 장범준보다 밑임
363,말이되는소릴해라 좀.,negative,0.99930835,0.00040963173,0.00028192307,말이되는소릴해라 좀
364,성시경도 곡을 쓰는걸로 알지만 장범준은 엥간하면 다 본인이 쓰지않나? ㅋㅋ.,neutral,0.00080817536,0.99855465,0.00063714664,장범준은 엥간하면 다 본인이 쓰지않나
365,애초에 스타일도 시대도 조금 차이 나서 비교군인가 싶음ㅋㅋㅋㅋ,neutral,0.007130535,0.9922766,0.0005928384,애초에 스타일도 시대도 조금 차이 나서 
366," 개인적으로 후대에 가수로 누가 더 좋은 평가받냐하면 장범준일거 같긴한데, 난 둘 다 좋아하는 가수라 택하기 어렵다ㅋㅋㅋㅋ.",negative,0.9575774,0.040010296,0.0024122486,다 좋아하는 가수라 택하기 어렵다
367,벚꽃엔딩 장범준이 곡 혼자만든거면 비교불가지 성시경이랑.,neutral,0.0029497605,0.50106275,0.49598745,벚꽃엔딩 장범준이 곡 혼자만든거면 비교불가지 성시경이랑
368,작곡능력을 포함해버리면 김나박이보다 장범준인건가?.,neutral,0.21509722,0.77521056,0.009692156,작곡능력을 포함해버리면 김나박이보다 장범준인건가
369,박정규 여수사람들에게 혼나요.,negative,0.9967726,0.002883612,0.00034373289,박정규 여수사람들에게 혼나요
370,박정규 장범준 음원 성적 대한민국 탑에 드는 가수임,positive,0.0007214818,0.00082131935,0.9984572,박정규 장범준 음원 성적 대한민국 탑에 드는 가수임
371, 이건 좀....성시경 올려치기 심하네,negative,0.9990897,0.00073705526,0.00017318834,성시경 올려치기 심하네
372,실제로는 연간 판매 순위가02년에 8위한 것이 최대 등수다나머지는 10위 안에도 든 적 없고장범준과의 비교를 떠나서 최대 전성기조차 많은 상위권 가수 중에 하나였을 뿐이야성시경 목소리는 나도 가지고 싶지만성시경은 전성기에도 20위~5위 왔다갔다 하는 가수였어.,neutral,0.0021360503,0.9318823,0.06598167,최대 등수다나머지는 10위 안에도 든 적 없고
373,장범준 곡 중에 몇개는 10년 20년 뒤에도 흔히 들릴거 같긴함ㅋㅋ.,neutral,0.0005683957,0.98936135,0.010070329,장범준 곡 중에 몇개는 10년 20년 뒤에도 흔히 들릴거 같긴함
374,화산귀환1 ???,negative,0.9641395,0.035421353,0.00043907244,화산귀환1 
375, 봄 하면 난 아직도 벚꽃엔딩인데 이게 그냥 원탑아님???.,neutral,0.0037125195,0.9798814,0.016406123,이게 그냥 원탑아님
376,장범준 활동도 안해도 음원나오면 1등 가능.,positive,0.0020069014,0.46867886,0.5293142,장범준 활동도 안해도 음원나오면 1등 가능
377, 성시경 활동 존나함.,neutral,0.0023835467,0.9962741,0.0013423698,성시경 활동 존나함
378,성시경 노래도 별로 좋아하진않지만 장범준 노래는 질려서 못듣겠던대.,negative,0.9906313,0.005033518,0.0043352325,장범준 노래는 질려서 
379,난 흔꽃샴에서 장범준 파워 체감함 ㅋㅋ,neutral,0.0017021947,0.9266127,0.07168508,난 흔꽃샴에서 장범준 파워 체감함 
380,보통 ost는 아 이거 그 드라마!,neutral,0.00013101212,0.99947196,0.00039701874,보통 ost는 아 이거 그 드라마
381, 인데멜로가체질은 아 이거 장범준이 ost 부른거!,neutral,0.00012870366,0.9986241,0.0012472216,멜로가체질은 아 이거 장범준이 ost 부른거
382, 임.,neutral,0.0009984999,0.9980636,0.0009378859,임
383,뭘로 비교하는지 모르겠지만 가창력은 당연히 성시경이고 가수로서 따지면 곡까지 쓰는 장범준이 더 위인듯.,neutral,0.00041947706,0.9944455,0.0051351115,곡까지 쓰는 장범준이 더 위인듯
384,성발라 데뷔 때부터 봤지만  장범준  택할게요.,neutral,0.0009761075,0.9975134,0.0015104738,  장범준  택할게요
385,노래는 성시경이 더 잘부르는데 히트는 장범준이지.,positive,0.00037088495,0.0037248216,0.99590427,노래는 성시경이 더 잘부르는데 
386,성시경 전성기때는 그땐 너무 어려서 잘모르겠는데 성시경 노래는 거리에서말고는 잘모르겠고장범준은 버스커 1~2집 둘다 좋고 솔로앨범들도 꾸준히 상위권이라 난 장범준 같음.,positive,0.00046633734,0.001161553,0.99837214,솔로앨범들도 꾸준히 상위권이라 난 장범준 같음
387,지나이 벚꽃엔딩은 세대 뿐만 아니라 시대까지 아우르지.,neutral,0.022027215,0.97142845,0.006544369,시대까지 아우르지
388,아 그래서 킬링보이스 장범준 나왔냐고 ㅋㅋㅋ,positive,0.00043007568,0.002291448,0.9972785,아 그래서 킬링보이스 장범준 나왔냐고 
389, 조회수는 꽁이냐고 ㅋㅋㅋ.,negative,0.8243611,0.17412767,0.0015112624,조회수는 꽁이냐고 
390,근데 장범준도 발라드 가수로 분류함??,neutral,0.0029811128,0.9965215,0.0004974201,근데 장범준도 발라드 가수로 분류함
391, 그냥 둘이 느낌이 다른거같은데.,neutral,0.0016503292,0.99805,0.00029975708,그냥 둘이 느낌이 다른거같은데
392,성시경 진성팬 발라드빠돌이라 정확하게 표현가능함.,positive,0.00048415572,0.0023191995,0.9971967,성시경 진성팬 발라드빠돌이라 정확하게 표현가능함
393, 앨범성적이나 차트순위같은걸로 기준삼으면 장범준이 성시경 압살하는건 사실임.,negative,0.9947141,0.0049356725,0.00035027022,장범준이 성시경 압살하는건 사실임
394, 근데 성시경은 적당한 감성의 팬들에게 꾸준히 사랑받고 히트곡 수도 많이 내면서 롱런한거지.,positive,0.0012141566,0.00036148826,0.9984244,히트곡 수도 많이 내면서 롱런한거지
395, 근데 이런식의 기준이면 당장 박효신 김범수도 장범준한테는 안됨..,negative,0.8662655,0.119477324,0.0142572345,당장 박효신 김범수도 장범준한테는 안됨
396,귀로천 장범준이 히트곡 더많은데차트 줄세우고월간차트 1위2위3위 먹던새끼임.,negative,0.9976751,0.0012685066,0.0010563271,월간차트 1위2위3위 먹던새끼임
397,성시경도 물론 좋아하지만 장범준은 독보적임,positive,0.0006224893,0.0007428508,0.99863464,장범준은 독보적임
398, 그래서 장범준.그냥 장범준이지,neutral,0.0007602326,0.99802893,0.0012108607,그냥 장범준이지
399,성시경 노래 되게 좋아하긴하지만.난 개인적으로 장범준이 노래 잘하는줄 모르겠어서 성시경 한표.노래 실력+음색은 성시경돈은 장범준이 더 많이벌었을거같네 ㅋㅋ.,positive,0.00030071946,0.003468348,0.9962309,노래 실력
400,장범준.,neutral,0.0004902312,0.999015,0.0004948287,장범준
401,난 장범준이더좋아.,positive,0.000512769,0.0013414761,0.9981458,난 장범준이더좋아
402,장범준이 유재하 김광석급에 장르를 만들고 시대를 휩쓴급으로 평가 받기도 하는구나.,positive,0.0007297875,0.0006922133,0.99857795,급으로 평가 받기도 하는구나
403,둘이 시대가 달라서 히트곡 도르로 비교하는거도 애매하지둘 음악에 대한 접근성이 다른데성시경 전성기때는 테이프나 cd시대라 타이틀곡 말곤 많은 사람들이 접하기가 어렵던 시대였음,neutral,0.0020987447,0.9909469,0.0069544776,어렵던 시대였음
404,장범준처럼 수록곡 줄세우기가 불가능했던 시대.,neutral,0.018441837,0.97419226,0.007365801,장범준처럼 수록곡 줄세우기가 불가능했던 시대
405,오히려 고속도로 차트있던 그런 시대였는데전성기 기준 둘다 대중성 뛰어나고 히트곡 있고 롱런하는데시대가 넘  달라서 단순 히트곡수 비교는 애매해보임이미 성시경 새음악들은 대중성보단 지하고싶은거 해서 팬들위주로 바뀌었고 박효신처럼.,negative,0.9792205,0.017862085,0.0029174117,다 대중성 뛰어나고 
406,음원성적으로 따질거면 김나박이 다 갖다대도 장범준 아래잖아;;.,negative,0.99884844,0.0009084042,0.00024318042,음원성적으로 따질거면 김나박이 다 갖다대도 장범준 아래잖아
407,성시경 입장에서는 꽤 자존심상할듯ㅋㅋㅋ,negative,0.9991744,0.0004844303,0.0003411616,자존심상할듯
408, 지금 세대는 장범준이 맞는거같고.,neutral,0.00048672588,0.99455714,0.0049562193,세대는 장범준이 맞는거같고
409,"둘다 본인 영역은 확실하고 수요층도 많으니 이건 비슷하다고 치고,노래실력이야",neutral,0.0009312732,0.9851965,0.013872267,다 본인 영역은 확실하고 수요층도 많으니 
410, 당연히 성시경 우위인데히트곡 찍어내는건 장범준이 넘사라고 봄고점이 거리에서 vs 벚꽃엔딩 정도 같은데 일단 고점은 둘다 존나 높음근데 데뷔부터 지금까지 ㅍㅅㅌㅊ,negative,0.6865405,0.20707788,0.10638169,벚꽃엔딩 정도 같은데 일단 고점은 둘다 존나 높음근데 데뷔부터 지금까지 
411,이상 히트곡 나열하라면 이건 곡수대비 장범준이 넘사로 많음ㅋㅋ.,neutral,0.0006653053,0.99381953,0.005515128,곡수대비 장범준이 넘사로 많음
412,장범준은 근데 악뮤랑 비교하는게 맞지않냐 ㄹㅇ.,neutral,0.015624424,0.98168176,0.0026938305,악뮤랑 비교하는게 맞지않냐 
413,벚꽃엔딩하나로 성시경 다 박살냈지,negative,0.9982792,0.0012905312,0.0004302786,벚꽃엔딩하나로 성시경 다 박살냈지
414, 머.기준이 뭐지 대중성이라면 장범준 인정인데 그 외엔 싹다 성시경 압승같은데.,neutral,0.002110434,0.9963948,0.0014946939,다 성시경 압승같은데
415,걍 장범준이지 뭐.. ㅋㅋ.,neutral,0.00016688863,0.9996216,0.0002115202,걍 장범준이지 뭐
416,장범준 가창력 좋은건 아닌데 성시경이 장범준 노래 부른다고 노래 뺏는 수준인것도 아님.,negative,0.9885461,0.0070512327,0.004402799,노래 뺏는 수준인것도 아님
417,아스날지면포뿌림 성시경 보컬로 여수밤바다?,positive,0.00089072366,0.0019330615,0.9971762,아스날지면포뿌림 성시경 보컬로 여수밤바다
418,동상 건립 가능.,neutral,0.000718811,0.998723,0.0005581471,동상 건립 가능
419,걍 장범준은 곡하나로 시대를 풍미함 그거에서 비교불가.,positive,0.00085980137,0.0022656152,0.9968746,장범준은 곡하나로 시대를 풍미함 그거에서 비교불가
420,노래실력은 성시경이고 실적은 장범준인게 극명하지 않나.,neutral,0.007034225,0.9914278,0.0015379838,실적은 장범준인게 극명하지 않나
421,자시안 벚꽃 ㅋㅋ.,neutral,0.000102154125,0.99983203,6.581554e-05,자시안 벚꽃 
422,자시안 장범준은 버스커시절 인디계탑이지,neutral,0.0010977959,0.9893939,0.009508232,자시안 장범준은 버스커시절 인디계탑이지
423,지금도 볼사10센치정도랑 같이 최상위고.노래를 아는 느낌으로만 치면비틀즈(장범준)이랑 웨스트라이프(성시경) 느낌?,positive,0.00043516915,0.002849676,0.9967152,정도랑 같이 최상위고
424,성시경 노래는 진짜 좋은거 많고 보컬로서도 뛰어나고 독보적 음색으로 한 시대를 풍미했다고 할 수 있는데 장범준의 벚꽃엔딩이 한국의 렛잇비 수준이라...,positive,0.00092365965,0.00027956275,0.9987967,장범준의 벚꽃엔딩이 한국의 렛잇비 수준이라
425,그리고 장범준은 앞으로 더 보여줄게 많은 가수라서 장범준이 좀 평가 좋을거 같다.,positive,0.0004971311,0.0022977488,0.9972051,장범준이 좀 평가 좋을거 같다
426,courteou 아니 애초에 성시경이 임재범 급이 아닌데 어떻게 성립함? ㅋㅋㅋ,neutral,0.042721543,0.95656615,0.000712289,아니 애초에 성시경이 임재범 급이 아닌데 어떻게 성립함
427," 장범준은 히트곡 외에도 앨범의 완전성이나 아티스트 측면에서 성시경 보다 낫다는 거고임재범은 시나위 보컬 시절 커리어, 이 밤이 지나면 고해 너를위해 같은 메가 히트곡+ 보컬로도 우리나라 탑 수준인 완전체 가수인데님들이 너무 임재범을 무시하는 거 아닐까?.",positive,0.0014841969,0.002606923,0.99590886,데님들이 너무 임재범을 무시하는 거 아닐까
428,장범준이 이겼다는 댓글은 아닌데 장범준은 10~20대에 전폭적인 지지 한 30초까지?,neutral,0.0027500684,0.9914193,0.005830552,장범준이 이겼다는 댓글은 아닌데 장범준은 10~20대에 전폭적인 지지 한 30초까지?
429, 엄청난듯..,neutral,0.002854233,0.99626285,0.00088293245,엄청난듯
430,  솔직히 노래도 공감대 적절히 있고 따라부르기도 쉽고 표절의혹도 없고 엄청난 사람임 사람자체가 서글서글해서 만만하게 보이는듯 하지만 실제로 행사같은것도 거의 안하고도 잘먹고 잘사는 엄청난 사람아닌가.,positive,0.0,0.0,1.0,행사같은것도 거의 안하고도 잘먹고 잘사는 엄청난 사람아닌가
431,벚꽃연금 받는 장범준이 위너다...,positive,0.0014933959,0.023376891,0.9751297,벚꽃연금 받는 장범준이 위너다
432,근데 주변에 20~30대 초중에서 장범준 좋아하는 남자들이 특히 많긴 하더라.,neutral,7.314645e-05,0.9996257,0.00030114022,초중에서 장범준 좋아하는 남자들이 특히 많긴 하더라
433, 그래서 젊은 남자 빠들이 많음.,neutral,0.4800473,0.5172658,0.002686917,젊은 남자 빠들이 많음
434, 물론 나는 무조건 성시경 압살이라고 생각.,neutral,0.024119817,0.96733344,0.008546788,나는 무조건 성시경 압살이라고 생각
435,장범준 노래를 더 많이알아서 장범준.,neutral,0.00039556858,0.9985359,0.0010685391,장범준 노래를 더 많이알아서 
436,저런논리면 김나박이 다 장범준밑인데 이렇게비교하는게맞음?.,negative,0.9987355,0.000760013,0.00050444517,저런논리면 김나박이 다 장범준밑인데 이렇게비교하는게맞음
437,난 성시경 세대를 겪어도 바로 장범준이라고 생각하면서 들어왔는데.와 시발 성시경이 이렇게 내려치기 당하네...,negative,0.99834657,0.0013439173,0.00030950274,와 시발 성시경이 이렇게 내려치기 당하네
438,성시경이랑 장범준 전성기 자체가 차이가 한 10년 15년이 나는데지금 음원사이트 이용하는 연령대를 생각해보면 당연히 지금 음원이 장범준이 잘 되는게 당연하지,neutral,0.001017923,0.9793244,0.019657716,음원이 장범준이 잘 되는게 당연하지
439,그냥 시대 차이인걸 뭔 성시경이 히트곡이 없다느니 시발 웃음벨이네성시경이 먹방이나 예능 때문에 올려치기 당하는게 아니고애초에 가수로 존나게 성공한 사람이니까 먹방이든 예능이든 성공하는거라는 생각은 못하냐,negative,0.9969825,0.002318665,0.0006988303,뭔 성시경이 히트곡이 없다느니 시발 웃음벨이네성시경이 먹방이나 예능 때문에 올려치기 당하는게 아니고
440,성시경 2집이 2002년 음반판매 10위 안에 들텐데 무슨 연간 음원순위 성적 지랄하고테이프랑 CD랑 반반 팔리던 시절 가수를 음원순위로 내려치고있네,negative,0.9989208,0.000853742,0.00022557484,시절 가수를 음원순위로 내려치고있네
441,그냥 나이 어려서 그 때 시절 모르면 입이라도 다물고 있자 아는척 좆문가 빙의하지말고.,negative,0.9991767,0.0005022121,0.0003211171,아는척 좆문가 빙의하지말고
442,수선생님 엄마 앞에서 장범준 선택하면 호적 파일 듯.수선생님 장범준 부모님도 임영웅 찍음.상업적으로 장범준승괜히 여수밤바다 벚꽃엔딩 노래방에서 이런게 회자되는게아님.,neutral,0.00095957355,0.9932562,0.0057842787,상업적으로 장범준승괜히 여수밤바다 벚꽃엔딩 노래방에서 이런게 회자되는게아님
443,성시경 장범준 둘다 좋아하는데개인적으로는 성시경 들어줄거 같다.,neutral,0.0005189919,0.97816646,0.021314524,개인적으로는 성시경 들어줄거 같다
444,장범준 노래는 좋은데 곡들이 비슷한 느낌이 많이 들어서굳이 뽑으면 성시경 뽑을듯작사 작곡은 또 장범준 이 잘하니깐누굴 뽑든 다 ㅇㅈ할듯 개취로 갈릴듯.,negative,0.99696594,0.0018099272,0.0012241442,할듯 개취로 갈릴듯
445,"걍 대중성 : 장범준 승, 가창력 : 성시경 승, 팬덤 : 성시경 승.",neutral,0.00041324066,0.9968118,0.002774864,가창력 
446,딱 이 정도로 정리되는거 같은데 비중치를 어디에 두냐에 따라 각자 생각이 다른건가?.,neutral,0.002121188,0.9976761,0.00020276294,비중치를 어디에 두냐에 따라 각자 생각이 다른건가
447,흥행이든 작사작곡이든 장범준이 더 재능있는건 사실임.,positive,0.00044943558,0.0015944696,0.99795604,장범준이 더 재능있는건 사실임
448, 나도 발라드를 좋아하지만 성시경은 그냥 발라드 계보를 이은거지 시대의 아이콘은 아님.,neutral,0.00081665517,0.99490595,0.004277354,시대의 아이콘은 아님
449, 슈스케턱걸이로 올라가서 상위권 찍고 2012년 장범준이 접수했고 샴푸향할때도 다시 치고 나갔고.,neutral,0.0007431315,0.99804306,0.0012138337,다시 치고 나갔고
450, 성시경이랑은 기대치 자체가 다름..,neutral,0.0013476035,0.99692863,0.0017238263,성시경이랑은 기대치 자체가 다름
451,"진지 빨고 얘기하면 히트곡이나 가창력, 작곡 여부로 비교하는 건 그다지 의미가 없음결국 음악가를 평가하는 건 음반 단위의 퀄리티와 그 음반이 얼마 만큼의 영향력을 갖느냐임개인적으로 버스커버스커 1집이 아주 뛰어난 명반이라고도 생각하진 않지만 굉장히 잘 만들어진 이지 리스닝 음반이라고도 생각함파격적인 시도를 해서 새로운 장르를 열었다거나 해당 앨범이 장르의 선구자격인 것도 아니지만 엄청난 대중성을 갖는 것도 명반으로서의 자격이 있다고 생각함.",positive,0.0024061745,0.015857771,0.98173606,명반으로서의 자격이 있다고 
452," 결국 이것들은 장르음악, 대중음악이라는 카테고리에 있기 때문에반면에 성시경이 그런 영향력을 가졌었나? 라고 생각하면 그 정도의 아티스트는 아니었다는 거지",negative,0.9709171,0.027544018,0.0015388752,생각하면 그 정도의 아티스트는 아니었다는 거지
453,오히려 나는 성시경 노래를 훨씬 많이 듣고 좋아하지만 “음악가”로선 장범준이 몇 수 위라고 생각이 드네.,neutral,0.0011473543,0.81522864,0.18362401,장범준이 몇 수 위라고 생각이 드네
454,"""장범준 굴욕인데요.",negative,0.99721485,0.0025408186,0.00024438836,장범준 굴욕인데요
455,"성 쓴 댓글들 보니까 엠팍 아재들 얼마나 시대흐름에 못따라가고 있는지.. 새삼 또 느끼고 갑니다 ㅜㅠ""",negative,0.9978248,0.001676003,0.00049923983,"새삼 또 느끼고 갑니다 ㅜㅠ"""
456,짤에 있는 댓글인데 개인적으로 내가 제일 싫어하는 류의 댓글임.,negative,0.99113196,0.008450302,0.00041763004,개인적으로 내가 제일 싫어하는 류의 댓글임
457, 그냥 사람들 취향이나 의견이 갈릴 수도 있는 건데 마치 정답은 꼭 하나여야 하고 반댓쪽은 틀렸다는 전재로 저딴 댓글 쓰는데 인터넷에서 의견 갈리는 게 당연하지.,neutral,0.022711953,0.9766634,0.00062466733,인터넷에서 의견 갈리는 게 당연하지
458, 개인적으로 난 장범준을 좋아하지만 둘다 위대한 가수들인데 위대함과 위대함을 비교하면 사랑 음악 취향에 갈리겠지,positive,0.0064224526,0.23393536,0.7596422,비교하면 사랑 음악 취향에 갈리겠지
459, 뭔 시대흐름 타령이야.,negative,0.9989473,0.00086913945,0.00018348376,뭔 시대흐름 타령이야
460, 지 의견은 없고 걍 인터넷 여론만 따라가야 한다는 건가.,negative,0.9957884,0.003994632,0.00021704844,지 의견은 없고 
461, 저런 새끼들 때문에 토론 문화가 없다고 생각함..,negative,0.9991906,0.000391029,0.0004183804,저런 새끼들 때문에 토론 문화가 없다고 
462,화산귀환1 이건 개소리지 ㅋㅋ,negative,0.9992574,0.00049940526,0.00024320226,화산귀환1 이건 개소리지 
463,밈이 무슨 몇년을 해먹음,negative,0.9798392,0.019742925,0.00041797254,밈이 무슨 몇년을 해먹음
464,지금 강남스타일 우리나라에서 나오긴함?,neutral,5.593995e-05,0.99991643,2.7619277e-05,강남스타일 우리나라에서 나오긴함
465,벚꽃엔딩은 봄 될때마다 차트인함노래가 인기가 없으면 찾아 듣지도 않게되는데 매년 찾아듣는다는건 인기가 있다는거임.,positive,0.00071763876,0.0007788231,0.99850357,매년 찾아듣는다는건 인기가 있다는거임
466,난 성시경노래실력까지 포함해서 그냥 성시경은 발라드 황태자임장범준하면 벛꽃엔딩만 아는데 뭐가 그렇게 히트곡 많은건지도 모르겠고.닥 장범준임  ㅇㅇ,positive,0.0014603244,0.028540004,0.96999973,닥 장범준임
467, 보컬로는 성시경이 위맞는데 가수 전체적으로평가하면 장범준이 위다.,neutral,0.0006166136,0.99203426,0.0073491894,가수 전체적으로평가하면 장범준이 위다
468,맹모띠 장범준 1집 타이틀곡이 어려운 여자인데 나도 이건 모르는데?,neutral,0.0021613385,0.99597365,0.0018649917,나도 이건 모르는데
469, 버스커 1집이랑 장범준 1집이 다른데 뭔 밖을 나가.,neutral,0.003333661,0.99542964,0.0012367622,버스커 1집이랑 장범준 1집이 다른데 
470,개인적으로 장범준 노래는 울림이 부족해.,negative,1.0,0.0,0.0,개인적으로 장범준 노래는 울림이 부족해
471,장범준 노래 2~3개?,neutral,0.00050617417,0.9990677,0.0004261737,장범준 노래 2
472, 밖에 모르는데 인기 존나 많았구나 ㄷㄷ;;.,positive,0.0012109542,0.0029012128,0.9958878,인기 존나 많았구나 
473,애초에 성시경은 벚꽃엔딩급 히트곡이 아예 없을뿐더러 벚꽃엔딩 들고올 필요도 없음,neutral,0.0031181623,0.9882457,0.008636112,애초에 성시경은 벚꽃엔딩급 히트곡이 아예 없을뿐더러 벚꽃엔딩 들고
474, 성시경은 여수밤바다랑 샴푸 선에서도 다 정리됨.,neutral,0.00020155327,0.9995116,0.0002867834,성시경은 여수밤바다랑 샴푸 선에서도 다 정리됨
475,벚꽃엔딩으로 컷.봄되면 장범준이 압살.,neutral,0.0011502705,0.9964579,0.0023919297,봄되면 장범준이 압살
476,장범준 딩고 킬링보이스 한번 나와라.,positive,0.0006970138,0.000652363,0.9986506,장범준 딩고 킬링보이스 한번 나와라
477,축구선수들끼리 비교할땐 엄근진 갑자기 철저하게 연구 & 분석하더니성시경 & 장범준 비교할땐 갑자기 라떼는 어땠네,neutral,0.0115167145,0.9780437,0.010439631,라떼는 어땠네
478, 저쨌네 이지랄 ㅋㅋㅋㅋㅋㅋㅋㅋ,negative,0.99698335,0.0028317284,0.00018490279,저쨌네 이지랄 
479,음원성적 개무시~해버리기.,negative,0.9990578,0.00062714017,0.00031500804,음원성적 개무시
480,음원 성적은 장범준순수 가창력은 성시경이라 생각.,positive,0.00037153656,0.0028455243,0.9967829,음원 성적은 장범준순수 가창력은 성시경이라 생각
481,성시경 노래는 듣는걸 좋아하고 장범준 노래는 부르는걸 좋아함 ㅋㅋ,positive,0.00030017784,0.00460391,0.9950959,장범준 노래는 부르는걸 좋아함 
482,성시경 노래는 세사람 종종 불렀던것같다,neutral,0.0004923758,0.998201,0.0013065345,사람 종종 불렀던것같다
483,장범준은 사말어사 홍대앞건대사이 등등 메가히트곡 말고도 ㅈㄴ 많긴함.,negative,0.980768,0.017472554,0.0017594047,장범준은 사말어사 홍대앞건대사이 등등 메가히트곡 말고도 ㅈㄴ 많긴함
484,발라드 탑 성시경포크 탑 장범준꿀잠자러 ㄱ.,positive,0.0011900114,0.0025006733,0.99630934,발라드 탑 성시경포크 탑 장범준꿀잠자러 
485,장범준 성시경 수준 가수면 그냥 취향차이지..축구로치면 장범준은 발롱수상자인 반면에 성시경은 발롱 한번도 수상 못해본 월클급 선수인데 비교가 되나??,neutral,0.46681035,0.47955012,0.05363955,장범준 성시경 수준 가수면 그냥 취향차이지
486, 아무리 꾸준하다고 해도 고점이 다른데.,neutral,0.0023914408,0.99514425,0.0024642707,고점이 다른데
487,"아넬충 장범준은 데뷔이후로 인기가 최상위아니였던적이 없음,,.",negative,0.9921936,0.0068265013,0.0009799399,아넬충 장범준은 데뷔이후로 인기가 최상위아니였던적이 없음
488,발라드 가수 계보 얘기할때 보통 이문세 신승훈 조성모 성시경으로 넘어가지않나?,neutral,0.0008763341,0.99865746,0.00046616426,보통 이문세 신승훈 조성모 성시경으로 넘어가지않나
489, 장범준 넣는건 첨임.,neutral,0.0022141999,0.99634117,0.0014446214,장범준 넣는건 첨임
490,30년지나고도 더 회자될 가수는 장범준같은데?.,neutral,0.00036919312,0.99919146,0.00043928207,30년지나고도 더 회자될 가수는 장범준같은데
491,장범준은 거의 한 시대의 아이콘 같은데 ㅋㅋ.,positive,0.0006003,0.013663846,0.98573583,시대의 아이콘 같은데 
492,우리나라에서 가장 인기있는 장르=발라드보통 음원 점유율 50퍼대로 보고 통계마다 다르지만60퍼 찍는 자료들도 몇몇있음,neutral,0.0007022417,0.9974322,0.0018656052,퍼 찍는 자료들도 몇몇있음
493,개인적으로는 성시경이 발라드 솔로의 계보를 잇는데에큰 역할을 한 인물이라는 생각이 들고장범준은 오디션에서의 이미지를 넘어선 아티스트로아이러니하게도 오디션프로그램의 아이콘적인 인물걍 둘이 시대가 다른 아티스트들이라고 생각함.,neutral,0.0021385108,0.87903666,0.11882482,아티스트로아이러니하게도 오디션프로그램의 아이콘적인 인물걍 둘이 시대가 다른 아티스트들이라고 생각함
494,자기들 재미나 해괴한 논리 때문에 성시경이나 장범준이나 이상한 평가가 쌓여가는거 같네,negative,0.9989287,0.00051137415,0.0005599569,자기들 재미나 해괴한 논리 때문에 성시경이나 장범준이나 이상한 평가가 쌓여가는거 같네
495, 그냥 이런 비교 자체가 우문인데 참 안타깝다.,negative,0.9991259,0.0004733471,0.00040074834,이런 비교 자체가 우문인데 참 안타깝다
496,장의 스타일이 독보적이고 그 독보적인 스타일에서 유일하게 성공 했고.,positive,0.0005104729,0.0018266925,0.9976629,스타일에서 유일하게 성공 했고
497,버스커버스커 출신 장범준이 이 정도 독보적 스타일 유지할 줄 알았냐.,positive,0.007840348,0.1481146,0.8440451,버스커버스커 출신 장범준이 이 정도 독보적 스타일 유지할 줄 알았냐
498,그룹 멤버들 버리고 통수 (적절히) 치고도 살아남을 줄 알았냐.,negative,0.9981316,0.0013961276,0.00047240546,그룹 멤버들 버리고 통수 
499,타고난 성시경. 어떻게든 지 혼자서 올라온 장범준.,neutral,0.00048646235,0.9973648,0.0021486848,타고난 성시경
500,통수처도 인정할 수 밖에 없음.,negative,0.99441624,0.0050393334,0.0005445094,통수처도 인정할 수 밖에 없음
501, 장범준..각자의 기준에 따라 다른거지 뭐 ㅋㅋㅋ,neutral,0.0027183758,0.9964372,0.00084446714,장범준
502," 가수로서 최고의 능력을 가창력으로 꼽는 사람이면 성시경을 비교적 높게 평가할 거고 작사, 작곡, 음반 퀄리티 등 음악인으로서의 전반적인 능력치로 따지면 당연히 장범준이 우위겠지.",neutral,0.0006841241,0.98153543,0.017780405,당연히 장범준이 우위겠지
503, 뭐가 어찌됐건 둘 다 정말 좋은 가수인건 맞음..,positive,0.0008172122,0.00043255286,0.9987502,좋은 가수인건 맞음
504,성시경 세대인데 닥 장범준임,neutral,0.0019485422,0.9967668,0.0012846123,성시경 세대인데 닥 장범준임
505, 미래로보면 더벌어지지.,negative,0.98091805,0.017156627,0.0019253736,미래로보면 더벌어지지
506,아 그래서 장범준 멜론 명반 딱지 있냐고 ㅋㅋㅋ,neutral,0.0036533864,0.995955,0.00039168829,장범준 멜론 명반 딱지 있냐고 
507,성시경은 있다고 ㅋㅋㅋ.,neutral,0.000489308,0.9989944,0.0005162137,성시경은 있다고 
508,"장범준 빠들특:물소기질 다분함 스윗한척 좆됨 여자앞에서 가오or찌질 둘중 하나 백퍼.가창력 = 성시경 승, 대중성 = 장범준 승결론은 한참 전에 나온거 같은데 의미없는 걸로 물고뜯는거 개웃기네 ㅋㅋㅋㅋㅋ.",negative,0.99864155,0.0008682444,0.0004902887,물소기질 다분함 스윗한척 좆됨 여자앞에서 가오or찌질 둘중 하나 백퍼
509,성시경 희재 너의모든순간 넌 감동이었어,positive,0.0017438737,0.00020830521,0.9980478,성시경 희재 너의모든순간 넌 감동이었어
510, 두사람 세사람 내게오는길 등등 ...,neutral,0.00012798228,0.999683,0.00018902852,사람 내게오는길 등등 
511, 진짜 ㅈㄴ 좋다 ㅠㅠ,positive,0.004304113,0.0006467129,0.9950492,진짜 ㅈㄴ 좋다 
512, 물론 장범준도 넘 좋은데 진짜 미안하지만 20대 후반부터 손에 잘 안가더라 20대였다면 닥 장범준이였을듯,positive,0.16049178,0.13882093,0.7006872,후반부터 손에 잘 안가더라 20대였다면 닥 장범준이였을듯
513, 근데 지금은 성시경임..,neutral,0.0007274403,0.9987355,0.0005370793,근데 지금은 성시경임
514, 그때 당시 평이 박했더라도...,neutral,2.1366995e-05,0.9999275,5.1189832e-05,그때 당시 평이 박했더라도
515,100년 후에도 벚꽃엔딩은 봄마다 들릴듯.성시경?,neutral,0.00025218536,0.99821895,0.0015288458,벚꽃엔딩은 봄마다 들릴듯
516, 글쎄... 난 그런 그림이 안그려지네..,negative,0.98432124,0.015060889,0.0006179579,글쎄
517,장범준 승 ㅇㅈ인데성시경 노래들 너무 좋음잊혀지는 것들에 대하여 최애곡.가창력 성시경영향력 장범준끝.,positive,0.0006551507,0.0010797108,0.9982652,가창력 성시경영향력 장범준끝
518,난 성시경이 더 잘부른다고 봄내가 좋아하는 음색이라근데 세대에 걸쳐 장기적으로 남을 노래는 장범준이라 생각함.,positive,0.0003593366,0.0030398474,0.9966008,장기적으로 남을 노래는 장범준이라 생각함
519,장범준 승.히트곡은 장범준인데 대표가수로 치면 성시경 아니냐?,neutral,0.0009309887,0.99504745,0.0040215626,대표가수로 치면 성시경 아니냐
520, 가수로만 보면 성시경 같은데?.,neutral,0.0004422525,0.9992078,0.0003499211,가수로만 보면 성시경 같은데
521,음악인으로써의 능력은 장범준이 앞서고보컬로만 따지면 성시경이 압승이지.,neutral,0.0004366893,0.9969971,0.002566245,보컬로만 따지면 성시경이 압승이지
522,STAYC수민 누가 우위던 관심없는데 장범준도 시대 원탑은 턱도 없음.,neutral,0.0058778836,0.8873495,0.10677261,장범준도 시대 원탑은 턱도 없음
523,골키퍼vs수비수 누가 더 축구 잘하냐 묻는거처럼 비교되는 기준부터가 다른 가수를 비교하는거 같음,negative,0.9833377,0.015076174,0.0015861526,비교되는 기준부터가 다른 가수를 비교하는거 같음
524,개인적으로 장범준은 김동률 권정열 양다일 같은 선상에서 goat같고 성시경은 김나박이 바로 아래급인 느낌.실적이 장범준이 더 높은건 확실한데 ㅋㅋㅋ,neutral,0.005551185,0.92299706,0.07145169,실적이 장범준이 더 높은건 확실한데 
525, 나는 둘이합쳐서 한곡만 꼽으라면  거리에서 1초만에 뽑는다.,neutral,0.0001765942,0.9990133,0.0008101033,  거리에서 1초만에 뽑는다
526,장범준 그냥 자가복제만 계속 하잖아.,neutral,0.004647424,0.994239,0.0011136424,자가복제만 계속 하잖아
527,실력으로 따지는거임 아니면 그냥 가수로써 임팩트를 따지는거임,neutral,0.0015758285,0.9974262,0.0009979942,가수로써 임팩트를 따지는거임
528, 임팩트는 그냥 무조건 장범준인데.,neutral,0.00038306304,0.99817014,0.0014468213,임팩트는 그냥 무조건 장범준인데
529,장범준 평가가 엄청좋은데 그러면 궁금한게 2010년대에 장범준을 이길 남자가수가 있음?,neutral,0.0031746342,0.98637855,0.010446727,장범준 평가가 엄청좋은데 그러면 궁금한게 2010년대에 장범준을 이길 남자가수가 있음
530, 없다면 2000년대까지 끌고와도 없음?,negative,0.9132213,0.085789725,0.0009888897,없다면 2000년대까지 끌고와도 없음
531, 순수하게 장범준이 어느가수까지 이길지 궁금.,neutral,0.0033764455,0.91187215,0.08475146,순수하게 장범준이 어느가수까지 이길지 궁금
532,성시경노래는 듣고 지린적있는데 장범준노래는 그런적은 없었음,neutral,0.0021205628,0.994755,0.0031244922,성시경노래는 듣고 지린적있는데 
533, 물론 좋은노래가 엄청많기도하고 여수밤바다로 대단한 현상도 만들었지만 나한테 성시경이 위인듯.,positive,1.6990132e-05,0.0003321702,0.99965084,여수밤바다로 대단한 현상도 만들었지만 
534,와 댓글봐 ㅋㅋ,neutral,0.004720618,0.99491596,0.0003633667,와 댓글봐 
535, 나도 노래부르는 건 성시경이지만 가수로서의 성과는 장범준에 한표.,neutral,0.00042187533,0.996259,0.0033191687,가수로서의 성과는 장범준에 한표
536,어르신은 장범준 비선호 하시는분 많더라.,neutral,0.0017529723,0.9971956,0.0010514118,어르신은 장범준 비선호 하시는분 많더라
537, 자가복제 느낌에 흐어어만 한다고.,negative,0.98038656,0.019169295,0.0004440927,자가복제 느낌에 흐어어만 한다고
538,벚꽃엔딩 하나로 상징성 끝나긴 함ㅋㅋ.,negative,0.6230415,0.37528378,0.0016746694,벚꽃엔딩 하나로 상징성 끝나긴 함
539,가창력 성시경 승나머지 장범준 승.,positive,0.00060266355,0.0024512932,0.99694604,가창력 성시경 승나머지 장범준 승
540,난 성시경이라 생각했는데 장범준이 압승이구먼?.,neutral,0.0010955188,0.99055886,0.008345646,생각했는데 장범준이 압승이구먼
541,호나나나나나 장범준 4개성시경 0개... 가끔씩 듣기는 하는데 플리에는 없음.,neutral,0.0011813901,0.99740523,0.0014134037,호나나나나나 장범준 4개성시경 0개
542,장범준은 롤하다 안되서 실버판테온 써서 불러도 차트인 시키는데ㅋㅋㅋ,neutral,0.001781583,0.9960939,0.0021244965,장범준은 롤하다 안되서 
543,발라더랑 싱어송라이터랑 붙이는건 오히려 성시경한테 너무하다고 생각함.,negative,0.9846847,0.013746736,0.0015684605,발라더랑 싱어송라이터랑 붙이는건 오히려 성시경한테 너무하다고 
544,성시경이 발라더로 goat건 아니건 간에 음악 업계에서 애초에 발라더보다 싱어송라이터가 더 상위리거라고 생각함..,neutral,0.00056724047,0.99683446,0.0025984345,간에 음악 업계에서 애초에 발라더보다 싱어송라이터가 더 상위리거라고 생각함
545,"실력은 성시경, 작곡은 장범준 아닌가?.",neutral,0.0009307351,0.9953353,0.003733972,실력은 성시경
546,30대 중후반 틀딱인데 성시경 노래나.,negative,0.999025,0.0005517736,0.00042330593,30대 중후반 틀딱인데 성시경 노래나
547,장범준 노래나 둘다 내 취향은 아니라 잘.안듣는데 지니 리스트 자동 재생 틀어놓고 성시경꺼 나오면 듣고 장범준꺼는  나오면 한곡 빼고는  걍 넘김특히 벚꽃연금이랑 여수밤낚시는 바로 넘김잠이 오질 않네요는 좋음.,positive,0.0,0.0,1.0,장범준 노래나 둘다 내 취향은 아니라 잘
548,장범준 음역대 ㅈ박았는데 당연히 성시경이지.,neutral,0.009526366,0.9516764,0.038797162,장범준 음역대 
549,대중가수는 실적으로 판단해야한다 생각함.,neutral,0.0015853631,0.99804306,0.0003715489,대중가수는 실적으로 판단해야한다 생각함
550,벚꽃엔딩 하나만으로도 장이 압살.,positive,7.6840115e-06,3.488465e-05,0.99995744,벚꽃엔딩 하나만으로도 장이 압살
551,노래는 성시경 음원은 장범준.,neutral,0.00026437192,0.99929523,0.00044039488,노래는 성시경 음원은 장범준
552,장범준 세대는 성시경이라고 하고 성시경 세대는 장범준이라고 하네.,neutral,0.0004614773,0.9990871,0.00045139334,성시경 세대는 장범준이라고 하네
553,제일 간단히 정리하자면 고점으로 보면 장범준이고 상위티어에서 롱런하는건 성시경인듯 개인적인 생각임.,neutral,0.00055593066,0.9928629,0.006581218,상위티어에서 롱런하는건 성시경인듯 개인적인 생각임
554,나 알람도 장범준 해놓을정도로 매일 듣는데누구승 떠나사 성시경 ㅈㄴ 내려치는 댓글들 좀 어이없긴하다 ㅋㅋㅋㅋ.,negative,0.99880135,0.00082288566,0.00037573505,내려치는 댓글들 좀 어이없긴하다 
555,성시경이냐 장범준이냐 나뉠순 있어도 무슨 성시경이 장범준에 비해 저 아래급 가수인양 말하는 애들이 있다는게 신기하네 ㅋㅋ.,neutral,0.004279324,0.9792916,0.016429085,말하는 애들이 있다는게 신기하네 
556,장범준이지,neutral,0.00050737144,0.99884605,0.0006465094,장범준이지
557, 억울한시경이형은 앨범내서 증명할것.,negative,0.9830169,0.015568618,0.0014145778,억울한시경이형은 앨범내서 
558,제발 부업좀 ㅠ.,negative,0.5533652,0.44501087,0.0016239398,제발 부업좀 
559,서머스비러버 이 댓글보고 더 확신했다,neutral,0.00062363734,0.99286675,0.0065096617,서머스비러버 이 댓글보고 더 확신했다
560, 닥 장범준.,neutral,0.0009320263,0.99822146,0.00084658904,닥 장범준
561,난 당연히 성시경인줄알았는데 의외로 장범준픽이 더 많구나.,neutral,0.00062501704,0.99637187,0.0030031004,의외로 장범준픽이 더 많구나
562,동탕 버즈랑 장범준은 장범준이 너무 압도적이라 재미없지.,negative,0.9930831,0.004177632,0.0027391766,재미없지
563,와 난 내손으로 장범준 노래 찾아 들어본적이 한번도 없어서 그런가장범준픽이 많은게 존나 신기하네,neutral,0.0027368194,0.9747493,0.022513784,장범준픽이 많은게 존나 신기하네
564,내 주변에서도 장범준은 호불호 존나 심하게 갈리던데.,neutral,0.02068581,0.97654986,0.0027643943,내 주변에서도 장범준은 호불호 존나 심하게 갈리던데
565,성시경이랑 장범준은 알까 이렇게 토론하고 싸우고있다는걸.,negative,0.96871185,0.030438168,0.0008498842,이렇게 토론하고 싸우고
566,뭔 장범준이여;,neutral,0.0012779597,0.99838376,0.0003382307,뭔 장범준이여
567, 장범준도 버스커버스커로 낸 음악들빼고는 개인음반은 거의 묻혔는데;성시경 8집 한번 묻혔나고 난리를 치네,negative,0.97673404,0.022073667,0.0011923473,한번 묻혔나고 난리를 치네
568, 애초에 정규8집 낸 가수랑 사이즈가 비교가되냐;.,negative,0.97207075,0.027535005,0.00039427495,애초에 정규8집 낸 가수랑 사이즈가 비교가되냐
569,한시대를 풍미했던 발라드 가수이자 세계최고의 댄스가수 성시경을 장범준과 비교하다니.,positive,0.001064193,0.0031026735,0.9958332,세계최고의 댄스가수 성시경을 장범준과 비교하다니
570,난 롤대남이니까 장범준할래 실버판테온.,neutral,0.0018337113,0.99735767,0.00080861925,난 롤대남이니까 장범준할래 실버판테온
571,취향의 영역일 것도 없는 게음악성적 장범준 [승]가창력 개취 둘 다 개성있음,positive,0.0011750183,0.00084053655,0.9979844,없는 게음악성적 장범준 
572," [무]작곡능력 장범준 [승]2승 1무 장범준 압승이게 무슨 비교거리가 된다고 댓글이 3,000개씩이나 되냐.",negative,0.9730427,0.02612638,0.00083092734,"댓글이 3,000개씩이나 되냐"
573,댓글 읽어보니 납득 가는 내용도 많지만 난 개인적으로 처음부터 계속 성시경이라고 생각함.....,neutral,0.00093385176,0.9892971,0.009769161,댓글 읽어보니 납득 가는 내용도 많지만 
574,그렇다고 장범준이 못하다는 게 아님 장범준도 빅히트 친 가수맞음,neutral,0.003305997,0.585149,0.41154504,가수맞음
575, 둘 다 고유의 음색이 있어서 누가 낫다 비교 하는 것 자체가 어불성설인 점도 있다고 봄 방금 든 생각인데 성시경은 아직 아날로그 감성이 남아있던 00년대에 활발히 활동했던 가수이고 장범준은 본격적인 스마트폰과 동시에 디지털시대로 급속히 바뀌어가던 10년대 초반부터 활동을 했던 가수잖아?,negative,0.701107,0.2895539,0.009339017,비교 하는 것 자체가 어불성설인 점도 있다고 
576, 난 아날로그적인 느낌을 더 좋아하는 편이라 성시경에 손을 들어주고 싶음.,neutral,0.00037158068,0.9908257,0.008802742,성시경에 손을 들어주고 싶음
577,장범준이지 대중음악에 끼친 영향력하면 장범준을 이길가수 몇 없을텐데..,neutral,0.0006403338,0.9931982,0.0061614467,장범준이지 대중음악에 끼친 영향력하면 장범준을 이길가수 몇 없을텐데
578, 성시경은 엔터테이너 느낌이고.근데 소위말하는 김나박이도 가수로써 위상 비교하면 장범준이 이김??.,neutral,0.003748985,0.98791736,0.008333629,소위말하는 김나박이도 가수로써 위상 비교하면 장범준이 이김
579,성시경은 발라드 계보를 잇는 사람들 중 한명인데 장범준은 그 자체로 한 시대의 아이콘 중 한명임.,positive,0.00087861024,0.034151565,0.9649698,성시경은 발라드 계보를 잇는 사람들 중 한명인데 장범준은 그 자체로 한 시대의 아이콘 중 한명임
580,근데 장범준 존나 내는거마다 히트친다길래 찾아보니까 가온차트 스트리밍에서 볼사가 압살하네,negative,0.99080503,0.0077596037,0.0014354672,가온차트 스트리밍에서 볼사가 압살하네
581,장범준 1집2집도 다 흥하지않았나.,positive,0.00045262405,0.0025170639,0.99703026,장범준 1집2집도 다 흥하지않았나
582,노래실력 - 성가수로써의 업적 - 장종합적으로 장범준 승.,positive,0.0005385341,0.0015842041,0.99787724,노래실력 - 성가수로써의 업적 - 장종합적으로 장범준 승
583,근데 베댓에 00년생이후들이 성시경 고평가하는거는 성시경 활동 활발할때 성적을 직접 보지 못함 + 유튜브에서 성시경 노래 알고리즘 개많이 뜸 + 노래방 순위권 등등 여러가지 요인 합쳐진 것 같음 성시경 노래들 중에 당시 발매되었을 때는 별로 인기 없다가 지금 다시 많이 듣는 것들 많음,negative,0.86515397,0.1328638,0.0019822815,못함 + 유튜브에서 성시경 노래 알고리즘 개많이 뜸 + 노래방 순위권 등등 여러가지 요인 합쳐진 것 같음 성시경 노래들 중에 당시 발매되었을 때는 별로 인기 없다가 지금 다시 많이 듣는 것들 많음
584,킬링보이스 조회수나 아는형님 나와서 노래부른거 클립들만 봐도 성시경은 자기노래 안불러도 조회수 엄청난데 장범준은 예전 슈스케 시절이나 벛꽃엔딩 아니면 요즘에는 그닥 조회수가 높지는 않은거 보면 가수로서의 가창력(음색)은 성시경이 더 낫고 곡 작곡능력은 음반 성적 생각하면 장범준이 위인듯.,positive,0.0005909391,0.00446666,0.99494237,조회수가 높지는 않은거 보면 가수로서의 가창력
585,애초에 장범준은 발라더가 아니구만 성시경이랑 붙혀놔서 뭐함 ㅋㅋ,negative,0.9696069,0.029809428,0.0005837247,성시경이랑 붙혀놔서 
586,음원실적으로만 평가하면 장범준 승이지.,neutral,0.00051050796,0.9944522,0.0050373124,음원실적으로만 평가하면 장범준 승이지
587,둘다 내 최애 가수고 살면서 콘서트 가본적 없는데 딱 성시경 장범준만 가보고싶다 했는데 둘이 비교되고있으니 신기하네 ㅋㅋ.,positive,0.0023884233,0.08457699,0.9130346,둘이 비교되고
588,XTC-4 흩날리는 꽃들속에서~,neutral,0.000100765305,0.99939215,0.0005070697,XTC-4 흩날리는 꽃들속에서
589, 이 노래랑 여수밤바다도 안 들어봄?,negative,0.99640465,0.0031024695,0.0004929517,이 노래랑 여수밤바다도 안 들어봄
590,당연히 장범준이 압도적으로 노래 더 흥행했는데 ㅋㅋ.,positive,0.0004243511,0.0015359637,0.99803966,당연히 장범준이 압도적으로 노래 더 흥행했는데 
591,"가창력은 성시경이고 다른부분은 장범준이고.대구은행 성시경 장범준 둘 다 안듣는데성시경 미소천사, 두사람 이라는 제목 생전 처음 들어봤음.",positive,0.0006129553,0.00044768708,0.99893934,성시경 미소천사
592,장범준은 싱어송라이터는 맞는데 보컬로서의 입지가 조금 부족하지 않나.. 갠적으로 가창력이 너무 아쉬운데.,negative,0.99904937,0.0003881069,0.0005624438,장범준은 싱어송라이터는 맞는데 
593,나도 가수 전체적인 평가로는 장범준이라고 봄.,neutral,0.00046481224,0.9873941,0.012141019,나도 가수 전체적인 평가로는 장범준이라고 봄
594,성시경은 예능 나오기 전이나 초엔 안 듣거나 싫어하는 사람도 꽤 많이 보였는데장범준은 1등도 많이 찍고 그냥 트랜드 였으니.엥?,neutral,0.0014774996,0.9954684,0.0030540898,트랜드 였으니
595, 장범준이 한시대의 아이콘정도야?,neutral,0.0033419582,0.99229866,0.004359438,장범준이 한시대의 아이콘정도야
596, 난 왜 벚꽃엔딩말고는 모르겠지ㅠ.,negative,0.99989533,9.460049e-05,9.968223e-06,난 왜 벚꽃엔딩말고는 모르겠지
597,가수가 근데 노래부터 잘해야지...,neutral,0.006003066,0.9908764,0.0031205188,가수가 근데 노래부터 잘해야지
598, 아티스트적 싱어 송라이터의 능력까지보면 장범준인데 가수는 일단 노래를 잘해야된다고봄.,positive,0.0015570882,0.28577992,0.712663,노래를 잘해야된다고
599,장범준은 매년 봄 되면 그냥 신이야.,positive,0.00058095227,0.0011227566,0.9982963,봄 되면 그냥 신이야
600,커리어는 장범준이 훨씬 위임ㅋ.,neutral,0.005444383,0.9940977,0.0004578742,커리어는 장범준이 훨씬 위임
601,XTC-4 히트곡으로 치면 성시경이 무조건 불리함.,neutral,0.0054991916,0.9924621,0.002038752,성시경이 무조건 불리함
602, 벚꽃엔딩 여수밤바다 노래방에서 흔꽃샴 등등 vs 거리에서 넌 감동이었어,positive,0.001454084,0.0006018108,0.99794406,벚꽃엔딩 여수밤바다 노래방에서 흔꽃샴 등등 vs 거리에서 넌 감동이었어
603, 내게오는 길 희재 너의모든순간 등등 어떻게 이길려고..?.,neutral,0.0039850953,0.98295194,0.013062993,내게오는 길 희재 너의모든순간 등등 어떻게 이길려고
604,보컬 능력은 성시경이 압살인데 그시절에 성시경이 한번도 압도적이었던적은 없어서 장범준 택할듯히트친 노래 세곡만 뽑아도 벚꽃엔딩 여수밤바다 흔들리는 꽃들속에서 네 샴푸향이 느껴진거야,positive,0.0008038475,0.0039796755,0.9952165,장범준 택할듯히트친 노래 세곡만 뽑아도 벚꽃엔딩 여수밤바다 흔들리는 꽃들속에서 네 샴푸향이 느껴진거야
605, 바로 바로 메가 히트곡 떠오르는데성시경은 거리에서 빼곤 2곡 정하기도 애매한듯 내취향으로 골라야 내게오는길 너의모든순간 두사람 세곡중에 택할듯.Djxnxkdk 10년대 스트리밍 1위인건 벚꽃엔딩 맞음 가수로는 아이유고.,positive,0.0,0.0,1.0,성시경은 거리에서 빼곤 2곡 정하기도 애매한듯 내취향으로 골라야 내게오는길 너의모든순간 두사람 세곡중에 택할듯
606,그냥 성시경을 윗등급 취급하면서 옛날가수를 자기는 알고있다는 노래지식 자랑할라고 성시경 뽑는거임,negative,0.9966378,0.0028232415,0.0005389376,성시경을 윗등급 취급하면서 
607, 장범준은 현재진행형이라 어느급인지 누구나 잘알기때문에 자기 지식 자랑할려는애들이 성시경뽑음.,neutral,0.00090030767,0.9849467,0.01415293,장범준은 현재진행형이라 어느급인지 누구나 잘알기때문에 자기 지식 자랑할려는애들이 성시경뽑음
608,고점은 장범준이 더 높음.,neutral,0.0028006602,0.98995996,0.0072393105,고점은 장범준이 더 높음
609,여기 댓글에 적혀있는 가수보다 장범준이 나중에 평가가 더 좋을거같음ㅋㅋㅋ,positive,0.00058547186,0.0034178142,0.9959967,있는 가수보다 장범준이 나중에 평가가 더 좋을거같음
610,벚꽃엔딩 말고도 여수 도시하나를 활성화시킴.,neutral,0.0002956017,0.9894282,0.010276217,여수 도시하나를 활성화시킴
611,포텐 두개 댓글수봐 ㅋㅋㅋㅋㅋ,neutral,0.009340321,0.98725224,0.0034074413,포텐 두개 댓글수봐 
612,저쪽 포텐글서는 성시경 우위인데  여기서는 아닌데 장범준이 이래서 이기는데 하니까 또 여론 뒤집히고그냥 웃기네 ㅋㅋㅋ.,negative,0.98742896,0.011862009,0.0007089447,여론 뒤집히고그냥 웃기네 
613,웜뱃 난 반대인데 장범준이 해주는 커버들은 본인에 맞게 편곡까지 해서 부르는데이게 기가 막히거든,neutral,0.3739348,0.48252892,0.14353627,기가 막히거든
614, 3년 전에 유툽 막 시작하면서 커버곡 여러곡 했었는데나 아직도 종종 들음.,neutral,0.00013042409,0.9994072,0.00046237814,시작하면서 커버곡 여러곡 했었는데나 아직도 종종 들음
615,개닥장범준인데.닥 장범준.,neutral,0.0036850323,0.9895517,0.006763187,개닥장범준인데
616,가수로서 성시경아티스트로선 장범준이라고 생각함.,neutral,0.0004068396,0.9973097,0.002283513,가수로서 성시경아티스트로선 장범준이라고 생각함
617,장범준은 노래를 잘한다는 느낌은 없는데 작곡 실력이 사기같음.,negative,0.9987987,0.00044143916,0.00075976807,작곡 실력이 사기같음
618, 거기다 갈수록 더 좋아지는 느낌 ㅋㅋ,positive,0.0012503822,0.0002504951,0.99849916,거기다 갈수록 더 좋아지는 느낌 
619, 성시경이 보컬 실력으로는 압살인데 장범준은 나중에 좀 과장해서 김광석처럼 되어있을지도 모르겠음.건전한에펨닉네임 나도 이 생각 했었음,neutral,0.0037228055,0.81962407,0.17665312,건전한에펨닉네임 나도 이 생각 했었음
620, 우리세대 김광석은 장범준이라고.,neutral,0.00051416113,0.998868,0.0006178312,우리세대 김광석은 장범준이라고
621,"장, 성 불타는 이유는 가수로 서로 비슷한급이라 그런거멜론 주간 1위 횟수  장범준 3주, 성시경2주콘서트 성시경 체조경기장(8~9천정도)에서 했었음, 장범준 핸드볼경기장(4-5천석정도)멜론 감상자수 400만명 이상 노래 성시경 7곡, 장범준4곡 장범준이 10년대 앨범마다 대히트를 쳤고 히트곡이 성시경보다 많다?",neutral,0.0014235676,0.95916545,0.039410982,앨범마다 대히트를 쳤고 
622, 틀림성시경이 노래 더 잘부른다?,positive,0.0010596964,0.005513586,0.9934267,틀림성시경이 노래 더 잘부른다
623, 가창력은 지극히 주관적인 영역이라 듣는 대중들이 잘 들으면 그게 곧 가창력이라고 할수 있음 가창력 비교는 의미없다고 봄가창력비교 빼도 성시경과 장범준은 비슷한급.내 경험상활동시기가 다르니 시대로 비교하는건 좀 그렇고대신 장범준은 여자들보다 남자들이 좋아함그럼에도 장 > 성인 이유는장범준은 노래를 ㅈㄴ 잘뽑음히트곡도 ㅈㄴ많은데 + 본인 작가작곡도 ㅈㄴ,neutral,0.00080981466,0.9986339,0.0005562039,내 경험상활동시기가 다르니 
624,많음성보다,neutral,0.0010445036,0.9974232,0.0015323428,많음성보다
625, 노래 잘하는사람도 많고 단순 가창만 놓고보면이제 AI가 찜쪄먹음.,neutral,0.0010305959,0.99088997,0.008079341,이제 AI가 찜쪄먹음
626, 그림쟁이들 다 나락간거 보면 앎안그래도 죽은사람 예토전생 시켜서 노래부르게 하는데AI가 대체하기 힘든게 창작부분이라..,negative,0.99782735,0.0017794013,0.00039328786,그림쟁이들 다 나락간거 보면 앎안그래도 죽은사람 예토전생 시켜서 
627,성시경이 옛날가수라 잘 모른다고?,neutral,0.004529335,0.9947547,0.0007160007,성시경이 옛날가수라 잘 모른다고
628,이미 죽고 더 옛날가수인 김광석 노래는 엄청 잘 앎리메이크가 많이되서도 그렇지만 노래자체도 ㅈㄴ좋음.,positive,0.0020472612,0.0012544182,0.9966983,노래자체도 ㅈㄴ좋음
629,무조건 장범준이지.,neutral,0.0005793271,0.99644864,0.0029720059,무조건 장범준이지
630,대중성은 장범준 미만잡임 남자중에선 원탑급?,positive,0.26873598,0.30693096,0.42433307,대중성은 장범준 미만잡임 남자중에선 원탑급
631, 여자는 아이유 바로 밑정도일듯.,neutral,0.002159556,0.9972025,0.0006379627,여자는 아이유 바로 밑정도일듯
632,참 어디에 기준을 두느냐 그리고 취향에 따라 갈릴 요소가 많을듯 ㅇㅇ,neutral,0.0014659388,0.9983468,0.00018720554,취향에 따라 갈릴 요소가 많을듯 
633, 개인적으로 가수로서는 성시경을 더 우위로 치고 싶지만 평생 한 가수의 노래만 들어야한다?,neutral,0.002564537,0.9931163,0.004319167,개인적으로 가수로서는 성시경을 더 우위로 치고 
634, 라면 장범준일 듯...,neutral,0.0010779705,0.99835986,0.0005620695,라면 장범준일 듯
635,장범준 저평가 ㅈ대네.,negative,0.9987417,0.0006786146,0.00057969085,장범준 저평가 
636,소러울 난 00년생인데 여자애들은 장범준 존나 좋아하던데.,negative,0.62691367,0.33910984,0.033976533,여자애들은 장범준 존나 좋아하던데
637, 결혼도 잘했다고 생각하는지 이미지도 엄청 좋음.,positive,0.002348493,0.0002988842,0.9973526,생각하는지 이미지도 엄청 좋음
638,나보다 나이 많은 여자들은 모르겠다..,neutral,0.0012456067,0.9982461,0.00050842104,나보다 나이 많은 여자들은 모르겠다
639,야 댓글 77페이지ㅋㅋㅋ,neutral,0.0014835194,0.99811506,0.00040150253,야 댓글 77페이지
640,그냥 부인이 이쁜 장범준 승 하자.,positive,0.00057356496,0.0023577746,0.9970687,부인이 이쁜 장범준 승 하자
641,애초에 히트곡으로 따지면 장범준 씹압승보컬은 성시경 개씨발압승이지.,negative,0.9945146,0.003572254,0.0019131734,애초에 히트곡으로 따지면 장범준 씹압승보컬은 성시경 개씨발압승이지
642,가치를 어디에 두느냐에 따라 사람마다 평가가 다를듯.,neutral,0.00040036702,0.9994216,0.00017812315,사람마다 평가가 다를듯
643,난 장범준.장범준에 한표 성시경이 제일 고점 높았을때가 01~02인데 장범준 최고점이랑은 비교가 안됨.펨코 특) 빅뱅 성시경 버즈 등등 자기들 세대 가수만 존나 올려치기함ㅋㅋㅋㅋ,negative,0.7330844,0.24759725,0.019318324,빅뱅 성시경 버즈 등등 자기들 세대 가수만 존나 올려치기함
644, 현실은 히트곡 차트 앨범판매 등 객관적인 지표 장범준이 압도하쥬?ㅋㅋㅋ,neutral,0.0014773048,0.98240995,0.016112788,현실은 히트곡 차트 앨범판매 등 객관적인 지표 장범준이 압도하쥬
645,게다가 직접 작사작곡??,neutral,0.0021476496,0.9973997,0.00045260997,게다가 직접 작사작곡
646, 이거 못막습니다 ㄷㄷㄷㄷ.,neutral,0.0061444812,0.99057406,0.0032814848,이거 못막습니다 
647,muatau91 성시경 우리세대라기엔 좀 윗대임ㅋㅋㅋㅋㅋ,neutral,0.012861961,0.9863673,0.0007707751,성시경 우리세대라기엔 좀 윗대임
648, 슈스케 한참 보던 세대거나 그 아래라 오히려 장범준이가까움ㅋㅋㅋ.,neutral,0.00012861285,0.99936527,0.0005060814,장범준이가까움
649,백수아다다 솔직히 싸는노래는 장범준이 더 많지.,negative,0.992023,0.006845738,0.0011312976,백수아다다 솔직히 싸는노래는 장범준이 더 많지
650,장범준 승.,neutral,0.00066448614,0.9982414,0.0010941174,장범준 승
651,댓글 이렇게 많은거 첨본다ㅋㅋㅋ,negative,0.6971551,0.2845558,0.018289132,댓글 이렇게 많은거 첨본다
652,난 장범준에 한표.,neutral,0.000925428,0.9977843,0.0012903028,난 장범준에 한표
653,장범준은 지나고 평가하면 김광석처럼한시절을 대표하는 임팩트지현역이고 젊어서 저평가 오지게 당하는 부분이큼.,negative,0.9851436,0.01059127,0.0042651794,평가하면 김광석처럼한시절을 대표하는 임팩트지현역이고 젊어서 저평가 오지게 당하는 부분이큼
654,장범준 압승 ㅇㅇ.,positive,0.00145296,0.009319869,0.9892272,장범준 압승 
655,장범준 압승.,positive,0.005851908,0.17982903,0.8143191,장범준 압승
656,전승우승가능 그럴거면 김나박이도 장범준밑아닌가.,neutral,0.22158699,0.7716773,0.0067356974,김나박이도 장범준밑아닌가
657,장범준 압승이란다 ㅋㅋㅋㅋ,neutral,0.0011072675,0.9948894,0.004003348,장범준 압승이란다 
658, 장범준팬인거지,neutral,0.00178252,0.967666,0.030551441,장범준팬인거지
659, 냉정하게 말을해야지 ㅋㅋ,neutral,0.0065587857,0.9923718,0.0010694193,냉정하게 말을해야지 
660,압승 이지랄 ㅋㅋ.,negative,0.9971185,0.0026717081,0.00020974026,압승 이지랄 
661,성시경이 노래는 진짜 잘하는데 뭐 역사시간처럼 대한민국 대중가요 시대별 대표하는 가수를 줄세운다치면 절대 못들어갈듯장범준은 무조건 들어가고.대체닉넴뭘로해 아니 그건 아닌거 같어...봄 노래하면 장범준 노래 떠오르는데 니가 말한 것들은 안 떠오름....,neutral,0.0048527694,0.9850974,0.010049727,대체닉넴뭘로해 아니 그건 아닌거 같어
662,.노래실력 음색  성시경 압승 장범준 기타 + 흐어어~~ 원툴.,positive,0.0007690623,0.00065080455,0.9985801,노래실력 음색  성시경 압승 장범준 기타 
663,미소천사 이기면 장범준못이기면 성시경장범준도 댄스곡 하나내서 증명하자.,neutral,0.0011468896,0.9745821,0.024271004,성시경장범준도 댄스곡 하나내서 
664,그냥 장범준이 인기는 더 많은거같긴한데 노래는 10번도 안들은거 같음;;,neutral,0.006147803,0.99043065,0.0034214868,그냥 장범준이 인기는 더 많은거같긴한데 
665,근데 성시경 노래는 꽤나 많이 들음 가을~겨울에는 매년 즐겨들으니.,neutral,0.00043010325,0.9790011,0.020568864,가을~겨울에는 매년 즐겨들으니
666,2000년대 교복을 입었다면 성식이형이지 ㅋㅋㅋ,neutral,0.000643443,0.99877113,0.0005854765,교복을 입었다면 성식이형이지 
667,신승훈과 이승환노래로 큰누님들 꼬셨다면 성식이로또래들 다 후림가능 ㅎㅎ,negative,0.99552464,0.00308529,0.0013900968,누님들 꼬셨다면 성식이로또래들 다 후림가능 
668, 범준이가 돈을 더 많이벌고잘벌고 있다지만 후벼파기좋은건 성식이노래 ㅎㅎ,positive,0.00061287824,0.00076668215,0.9986204,범준이가 돈을 더 많이벌고잘벌고 
669,"국화꽃향기 , 선인장으로 3.5톤 윙바디만큼 채웠다.",neutral,0.00013442159,0.999453,0.00041262974,윙바디만큼 채웠다
670,장범준이 시대를 대표할 곡이 너무 많지둘중에 누구의 목소리를 갖고싶냐 하면 성시경이긴함.,neutral,0.00074528536,0.99638283,0.0028718654,누구의 목소리를 갖고싶냐 하면 성시경이긴함
671,장범준.내가 여자면 성시경근데 남자라서 장범준.보컬이랑 싱어송라이터를 왜비교해 ㅋㅋㅋ,neutral,0.001189506,0.99813217,0.000678401,보컬이랑 싱어송라이터를 왜비교해 
672," 성시경 장점은 음색이고 장범준은 작곡인데.성시경 vs 장범준 누가 먼저 언급한지는 모르겠지만, 성공했네 ㅋㅋㅋ.",positive,0.00041963012,0.0012826356,0.99829775,성공했네 
673,이정도면 취향차이아닌가ㅋㅋ,neutral,0.0015809971,0.99759907,0.0008199189,이정도면 취향차이아닌가
674, 누가더 훌륭한 가수인지는 모르겠지만 30대남자인데 장범준 노래들이 취향에 맞아서인지 훨씬 익숙하고 즐겨들었음.,positive,0.00039318972,0.0021434976,0.99746335,장범준 노래들이 취향에 맞아서인지 훨씬 익숙하고 즐겨들었음
675,장범준은 임팩트는 더 말할것도 없고성시경은 예능과 음색으로 꾸준히 네임밸류 쌓은 느낌.안죽는다니까 꿀리지..,positive,0.00088606606,0.00075959583,0.9983543,안죽는다니까 꿀리지
676, 벚꽃엔딩 하나로 정리되는 수준이고 나머지 하나씩 대입하면 더 처참할걸.,negative,0.99907887,0.00058384164,0.00033729328,대입하면 더 처참할걸
677,확실한건 성시경이 장범준보다 술 더 잘 먹음.,positive,0.0005394386,0.0017571773,0.9977034,확실한건 성시경이 장범준보다 술 더 잘 먹음
678,장범준노래들을때마다 장송곡느낌나서 별로던데 ㅋㅋ,negative,0.99241227,0.002575419,0.005012293,장송곡느낌나서 별로던데 
679, 난 성시경.내가 표현하고 싶은 느낌의 끝 : 성시경내가 표현할 수 있는 노래의 끝 : 장범준.장범준이 성시경에 비해서 노래를 못해서 그런 것도 있는듯..,neutral,0.0014961403,0.997729,0.0007749307,장범준이 성시경에 비해서 
680,장범준은 노래스타일도 다 비슷해서 좀 질림.,negative,0.9968297,0.0021282262,0.001042052,장범준은 노래스타일도 다 비슷해서 좀 질림
681,둘 콘서트 한다면 성시경 콘서트 갈듯...,neutral,0.0010344078,0.9979102,0.0010553681,콘서트 한다면 성시경 콘서트 갈듯
682,기량을 떠나서 장범준이 킬링보이스 나오면 성시경의 킬링보이스 조회수 3800만 명은 못찍을거같음 ㅋㅋㅋㅋㅋ.,positive,0.0009174532,0.00070254144,0.99837995,성시경의 킬링보이스 조회수 3800만 명은 못찍을거같음 
683,성시경 노래는 계속 들어도 장범준 노래는 안들음.,negative,0.99477047,0.0046753343,0.00055411493,장범준 노래는 안들음
684, 다 비슷해서.,neutral,0.0012434977,0.9971534,0.0016031314,다 비슷해서
685, 그리고 장범준이 전성기로 체감이 높은건 예전보다 오디션이니 유튭 등 매체의 발달 영향도 ㅈㄴ 크다고 봄. 시절보정도 감안해야지..,neutral,0.43327868,0.5622409,0.00448037,유튭 등 매체의 발달 영향도 ㅈㄴ 크다고 
686,장범준 내려치기 해도해도 너무하네ㅋㅋ.,negative,0.9984516,0.0010811676,0.00046722256,장범준 내려치기 해도해도 너무하네
687,fishbone 젤리피쉬인가 거기 있을때 소속 연예인들 모아서 크리스마스 앨범 낸거 박효신도 있었음,neutral,0.0009069996,0.9980076,0.001085361,크리스마스 앨범 낸거 박효신도 있었음
688,크리스마스 시즌되면 벚꽃엔딩만큼은 아니어도 매년 역주행함이 노래 나름 대박 쳐서 다음해에도 크리스마스 앨범 냈는데 그건 망했을걸?.,negative,0.9989242,0.0005458059,0.00053003634,역주행함이 노래 나름 대박 쳐서 
689,벚꽃엔딩 /고백 /왜 /추적이는 여름비가되어/ 노래방에서 /잠이오질않네요/,neutral,0.00064653944,0.9961598,0.0031937405,잠이오질않네요
690, 흔들리는 꽃들 속에서 네샴푸향 다 너무 좋음.,positive,0.0001697014,8.3143816e-05,0.9997471,흔들리는 꽃들 속에서 네샴푸향 다 너무 좋음
691,히트곡 고점이랑 개수도 있는데성시경은 대부분 윤종신 김형석한테 받아서 불렀고장범준은 본인이 거진 다 작사작곡했다는 데에서 차이가 매우 큼.,neutral,0.002848364,0.99101603,0.0061356323,차이가 매우 큼
692,뒷세대라고 장범준을 너무 후려치네 ㅋㅋ,negative,0.9984515,0.0012327483,0.00031577903,뒷세대라고 장범준을 너무 후려치네 
693,둘이 동시대였으면 성시경 갖다대면 ㅈㄴ 쳐맞았을텐데.,negative,0.9987062,0.0010731308,0.0002206507,성시경 갖다대면 ㅈㄴ 쳐맞았을텐데
694,4613378 장르적 차이가 좀 있긴해 축구로 따지면 장범준은 알베스 람 마르셀루같은 풀백 탑인데 성시경은 발라드쪽에선 이과인정도인데 레비 수지 벤제마 즐라탄같은 더한 괴물들이 있는거지ㅋ.,negative,0.9966875,0.002183108,0.0011294739,레비 수지 벤제마 즐라탄같은 더한 괴물들이 있는거지
695,병신들 당연히 장범준이지 깨시민인척 오지네 ㅋㅋㅋ.,negative,0.999081,0.00046294634,0.00045607597,병신들 당연히 장범준이지 깨시민인척 오지네 
696,성시경하고 장범준하고 가창력 차이가 너무 넘사고 장범준이 벚꽃연금이 있는데데뷔년도만 10년차이인데 정작 멜론에서도 성시경이 안 꿀리는데?,negative,0.9891037,0.004827252,0.0060691056,정작 멜론에서도 성시경이 안 꿀리는데
697,애초에 같은시대도 아니고 영역도 다른데 끌고와서 줄세우기는 좀 너무한거 아닌가?,negative,0.9993349,0.00035995373,0.0003051226,애초에 같은시대도 아니고 
698,  중학교시절 잭스키스 hot멤버 숫자도 모를만큼티비도 안보고 알못인데 나이가 많아 그런가성시경 미소천사 희재 넌 감동이었어,positive,0.0016793283,0.00023848581,0.99808216,나이가 많아 그런가성시경 미소천사 희재 넌 감동이었어
699, 거리에서 차마 외 몇곡은 아는데 장범준은 벚꽃연금 밖에 모름 그냥 이건 세대차이도 있어서 애매한거같음.,negative,0.9999373,5.18273e-05,1.0847917e-05,세대차이도 있어서 애매한거같음
700,성시경 이윽고 들으면 와시발 소리나오지만장범준 벚꽃엔딩 흔꽃샴 들어도 와시발소리까진 안나옴.,negative,0.99114674,0.007642148,0.0012110827,성시경 이윽고 
701,노알못성시경 몇몇 노래 완전 듣기 좋음장범준 많은 노래 듣기 좋음.,positive,0.0011387864,0.00029072902,0.99857044,좋음장범준 많은 노래 듣기 좋음
702,가창력은 성이 위지만 후대에 기억되는건 장범준이라는건 공감불가 장범준이 우리가 가지는 생각보다 어떻게보면 위상이나 평가가 다를 수 있을 수도 있다고 보지만 성이 밀린다는건 좀 멜론같은거 따지는건 마치 버즈랑 잔나비랑 비교하는꼴 아닌가.,negative,0.9983847,0.0012049192,0.00041035935,버즈랑 잔나비랑 비교하는꼴 아닌가
703,장범준 노래 메들리로 연결해서 들으면 언제 노래가 바뀐지 알아차릴 수 없고 제목 못맞춤 ㅇㅈ?.,neutral,0.13520372,0.80547035,0.05932598,제목 못맞춤 ㅇㅈ
704,벚꽃엔딩이 사기긴해.,negative,0.9976046,0.0017641467,0.00063120696,벚꽃엔딩이 사기긴해
705,ㅋㅋ별걸 다 가지고 싸우네,negative,0.9943997,0.0051548914,0.00044541934,ㅋㅋ별걸 다 가지고 싸우네
706, 개취가지고난 저음 노래를 너무 싫어해서 장범준 노래 좋은건 알지만 음이나 목소리가 내 취향이 아닌데 나같은 놈들도 있는 거지,positive,0.0,0.0,1.0,음이나 목소리가 내 취향이 아닌데
707, 뭐.보컬실력으로는 100대0수준 아닌가?,negative,0.97750014,0.021575755,0.000924081,보컬실력으로는 100대0수준 아닌가
708, 장범준은 그냥 취향하나로 듣는거같은대.,neutral,0.0034924068,0.992101,0.004406548,취향하나로 듣는거같은대
